Sub-Sub-Title,Sub-Title,Team,bandera,bullet_id,commentId,country,fecha,formatted,id,source_file
,,mejora continua y scheme enablers,Visa,6778293518e6d7a1d34eae3e_3,6778293518e6d7a1d34eae3e,MLA,2025-Q1,soporte mcc aliexpress mlp + fup notificación visa mla x adecuación de mcc,6778293518e6d7a1d34eae3e_3,6778293518e6d7a1d34eae3e.json
,,mejora continua y scheme enablers,Otra,6778293518e6d7a1d34eae3e_2,6778293518e6d7a1d34eae3e,CORP,2025-Q1,reportes q4 2024,6778293518e6d7a1d34eae3e_2,6778293518e6d7a1d34eae3e.json
,,mejora continua y scheme enablers,Otra,6778293518e6d7a1d34eae3e_1,6778293518e6d7a1d34eae3e,CORP,2025-Q1,fee de riesgo y cac,6778293518e6d7a1d34eae3e_1,6778293518e6d7a1d34eae3e.json
,,mejora continua y scheme enablers,Otra,677b2ecc5dfc1a6bc7ecbb0e_4,677b2ecc5dfc1a6bc7ecbb0e,CORP,2025-Q1,ownboarding noe,677b2ecc5dfc1a6bc7ecbb0e_4,677b2ecc5dfc1a6bc7ecbb0e.json
,,mejora continua y scheme enablers,Otra,6781404e06c6f5846b7b774d_2,6781404e06c6f5846b7b774d,MLM,2025-Q1,mesas legales sites mlm/mlb/mco,6781404e06c6f5846b7b774d_2,6781404e06c6f5846b7b774d.json
,,mejora continua y scheme enablers,Otra,6781404e06c6f5846b7b774d_3,6781404e06c6f5846b7b774d,MLA,2025-Q1,bau: fu compliance case mcc miscoding génova mla + finalización presentación reportes qmr/qoc,6781404e06c6f5846b7b774d_3,6781404e06c6f5846b7b774d.json
,planning y mejora continua,mejora continua y scheme enablers,Otra,678175bbdd1d9672abb90100_3,678175bbdd1d9672abb90100,CORP,2025-Q1,ownboarding noe + presentación impacto tte + reunión con team smart routing --> analizar oportunidades de mejora,678175bbdd1d9672abb90100_3,678175bbdd1d9672abb90100.json
,,mejora continua y scheme enablers,Otra,677b2ecc5dfc1a6bc7ecbb0e_2,677b2ecc5dfc1a6bc7ecbb0e,CORP,2025-Q1,resultados genova dic 2024 preparar seguimiento prosa 2025,677b2ecc5dfc1a6bc7ecbb0e_2,677b2ecc5dfc1a6bc7ecbb0e.json
,,mejora continua y scheme enablers,Otra,6781404e06c6f5846b7b774d_1,6781404e06c6f5846b7b774d,CORP,2025-Q1,monthly deck se diciembre 2024,6781404e06c6f5846b7b774d_1,6781404e06c6f5846b7b774d.json
,,mejora continua y scheme enablers,Otra,677b2ecc5dfc1a6bc7ecbb0e_1,677b2ecc5dfc1a6bc7ecbb0e,CORP,2025-Q1,alvaro out of office por esta semana,677b2ecc5dfc1a6bc7ecbb0e_1,677b2ecc5dfc1a6bc7ecbb0e.json
,,mejora continua y scheme enablers,Visa,677b2ecc5dfc1a6bc7ecbb0e_3,677b2ecc5dfc1a6bc7ecbb0e,MLA,2025-Q1,calculos fee de bandera genova y emision apoyo notificacion mcc en mla a la espera de info de visa,677b2ecc5dfc1a6bc7ecbb0e_3,677b2ecc5dfc1a6bc7ecbb0e.json
,planning y mejora continua,mejora continua y scheme enablers,Visa,678175bbdd1d9672abb90100_2,678175bbdd1d9672abb90100,MLA,2025-Q1,"presentación fee de bandera, notificación visa mla y perseguir oportunidad mlm (mcc - acs) - @camilaprandi",678175bbdd1d9672abb90100_2,678175bbdd1d9672abb90100.json
,planning y mejora continua,mejora continua y scheme enablers,Otra,678175bbdd1d9672abb90100_1,678175bbdd1d9672abb90100,MLA,2025-Q1,resultados genova dic 2024 + competitividad mla @antonelamutti1,678175bbdd1d9672abb90100_1,678175bbdd1d9672abb90100.json
,mejora continua planning,mejora continua y scheme enablers,Otra,678aad89e3dabffa441c3800_4,678aad89e3dabffa441c3800,CORP,2025-Q1,presentación impacto tte long term,678aad89e3dabffa441c3800_4,678aad89e3dabffa441c3800.json
,mejora continua planning,mejora continua y scheme enablers,Otra,678aad89e3dabffa441c3800_2,678aad89e3dabffa441c3800,MLA,2025-Q1,análisis competitividad mla + ajustes plan génova 2025,678aad89e3dabffa441c3800_2,678aad89e3dabffa441c3800.json
,mejora continua planning,mejora continua y scheme enablers,Otra,678aad89e3dabffa441c3800_3,678aad89e3dabffa441c3800,MLM,2025-Q1,empezar análisis competitividad mlm + onboarding,678aad89e3dabffa441c3800_3,678aad89e3dabffa441c3800.json
,mejora continua planning,mejora continua y scheme enablers,Otra,678aad89e3dabffa441c3800_1,678aad89e3dabffa441c3800,MLA,2025-Q1,cálculo impacto notificación mcc mla + finalizar con producto core enablers la configuración de mcc - ac en mlm,678aad89e3dabffa441c3800_1,678aad89e3dabffa441c3800.json
,,mejora continua y scheme enablers,Visa,678a9ef1b37230a2e83ca267_1,678a9ef1b37230a2e83ca267,MLB,2025-Q1,fup ajuste manual visa en mlb para corregir transacciones con asignacion incorrecta de mcc entre el 1 de agosto de 2023 y el 30 de septiembre de 2024. acompanamiento equipo mlb defensa visa y fup parent guarantee mc tc mla,678a9ef1b37230a2e83ca267_1,678a9ef1b37230a2e83ca267.json
,,mejora continua y scheme enablers,Otra,678a9ef1b37230a2e83ca267_2,678a9ef1b37230a2e83ca267,MLC,2025-Q1,armado de argumentos para recuperar sef 2024 en mlc,678a9ef1b37230a2e83ca267_2,678a9ef1b37230a2e83ca267.json
,,mejora continua y scheme enablers,Visa,678a9ef1b37230a2e83ca267_3,678a9ef1b37230a2e83ca267,CORP,2025-Q1,revision de contratos emision visa para asessment de emision cobrand mastercard,678a9ef1b37230a2e83ca267_3,678a9ef1b37230a2e83ca267.json
,planning mejora continua,mejora continua y scheme enablers,Otra,6793e8f84bab8092ae50acc9_2,6793e8f84bab8092ae50acc9,MLA,2025-Q1,plan gva 2025 final adjustments + ajuste archivo seguimientos génova y deck competitividad mla,6793e8f84bab8092ae50acc9_2,6793e8f84bab8092ae50acc9.json
,,mejora continua y scheme enablers,Mastercard,6793d0e8a7a8eafb6d0ccb44_2,6793d0e8a7a8eafb6d0ccb44,MLM,2025-Q1,fup rectificación reportes (emisión master mlm),6793d0e8a7a8eafb6d0ccb44_2,6793d0e8a7a8eafb6d0ccb44.json
,planning mejora continua,mejora continua y scheme enablers,Visa,6793e8f84bab8092ae50acc9_4,6793e8f84bab8092ae50acc9,MLB,2025-Q1,slides para presentaciones mp (marcos + bod) + fup notificacion visa mlb (equipo mlb haciendo cálculo),6793e8f84bab8092ae50acc9_4,6793e8f84bab8092ae50acc9.json
,planning mejora continua,mejora continua y scheme enablers,Visa,6793e8f84bab8092ae50acc9_1,6793e8f84bab8092ae50acc9,MLA,2025-Q1,notificación visa mla - acordar next steps + implementación cambios mcc - ac mlm + nulls de motor mcc en mlm,6793e8f84bab8092ae50acc9_1,6793e8f84bab8092ae50acc9.json
,,mejora continua y scheme enablers,Visa,6793d0e8a7a8eafb6d0ccb44_3,6793d0e8a7a8eafb6d0ccb44,MLM,2025-Q1,licencia genova visa mlm,6793d0e8a7a8eafb6d0ccb44_3,6793d0e8a7a8eafb6d0ccb44.json
,,mejora continua y scheme enablers,Mastercard,6793d0e8a7a8eafb6d0ccb44_1,6793d0e8a7a8eafb6d0ccb44,MLM,2025-Q1,fup firma mastercard term sheet y posterior armado de contrato msi genova mlm + mesa estrategia tasas,6793d0e8a7a8eafb6d0ccb44_1,6793d0e8a7a8eafb6d0ccb44.json
,planning mejora continua,mejora continua y scheme enablers,Otra,6793e8f84bab8092ae50acc9_3,6793e8f84bab8092ae50acc9,MLM,2025-Q1,ownboarding + deck competitividad mlm (foco débito),6793e8f84bab8092ae50acc9_3,6793e8f84bab8092ae50acc9.json
,planning mejora continua,mejora continua y scheme enablers,Visa,67a0184b8cbd9637f110e83a_4,67a0184b8cbd9637f110e83a,MLB,2025-Q1,seguimiento cálculos de retroactivo visa mlb seguimiento notificación visa mlb,67a0184b8cbd9637f110e83a_4,67a0184b8cbd9637f110e83a.json
,planning mejora continua,mejora continua y scheme enablers,Otra,67a0184b8cbd9637f110e83a_3,67a0184b8cbd9637f110e83a,CORP,2025-Q1,resultados génova enero 25 redo weekly genova @antonelamutti1,67a0184b8cbd9637f110e83a_3,67a0184b8cbd9637f110e83a.json
,vacaciones cami g,mejora continua y scheme enablers,Visa,679d2e34a0e05afb77de1596_2,679d2e34a0e05afb77de1596,CORP,2025-Q1,kick off bpp off y fu track virp visa,679d2e34a0e05afb77de1596_2,679d2e34a0e05afb77de1596.json
,vacaciones cami g,mejora continua y scheme enablers,Otra,679d2e34a0e05afb77de1596_1,679d2e34a0e05afb77de1596,MLA,2025-Q1,alineación estrategia y armado respuesta mcc miscoding mla (deadline 10/02),679d2e34a0e05afb77de1596_1,679d2e34a0e05afb77de1596.json
,vacaciones cami g,mejora continua y scheme enablers,Visa,679d2e34a0e05afb77de1596_3,679d2e34a0e05afb77de1596,MLM,2025-Q1,inicio track licencing génova mlm visa + oficio cofece,679d2e34a0e05afb77de1596_3,679d2e34a0e05afb77de1596.json
,planning mejora continua,mejora continua y scheme enablers,Otra,67a0184b8cbd9637f110e83a_2,67a0184b8cbd9637f110e83a,MLA,2025-Q1,calculos de fee de bandera adquirencia y emisión cerrar presentación de impacto de notificación de mla @camilaprandi,67a0184b8cbd9637f110e83a_2,67a0184b8cbd9637f110e83a.json
,planning mejora continua,mejora continua y scheme enablers,Mastercard,67a0184b8cbd9637f110e83a_1,67a0184b8cbd9637f110e83a,MLM,2025-Q1,reunión mlm solicitar cambio ruteo mccs económicos del emisor santander de vuelta al switch de master para débito crédito ok impacto nuevo mandate de tokenización @noelialoza3,67a0184b8cbd9637f110e83a_1,67a0184b8cbd9637f110e83a.json
,prioridades,mejora continua y scheme enablers,otra,67a611c9d63312913176d8fb_1,67a611c9d63312913176d8fb,corp,2025-Q1,alineamiento defensa appeal virp (eta 13/02),67a611c9d63312913176d8fb_1,67a611c9d63312913176d8fb.json
,,mejora continua y scheme enablers,Otra,67a97107044104df7e3c2c2a_2,67a97107044104df7e3c2c2a,CORP,2025-Q1,cerrar resultados génova + rediseño weekly génova,67a97107044104df7e3c2c2a_2,67a97107044104df7e3c2c2a.json
,,mejora continua y scheme enablers,Mastercard,67a97107044104df7e3c2c2a_1,67a97107044104df7e3c2c2a,MLA,2025-Q1,controles de fee de bandera + cálculo fino de fee de bandera marginal mastercard y visa credit en mla,67a97107044104df7e3c2c2a_1,67a97107044104df7e3c2c2a.json
,prioridades,mejora continua y scheme enablers,otra,67a611c9d63312913176d8fb_3,67a611c9d63312913176d8fb,mlc,2025-Q1,kick off tc mlc,67a611c9d63312913176d8fb_3,67a611c9d63312913176d8fb.json
,,mejora continua y scheme enablers,Otra,67a97107044104df7e3c2c2a_4,67a97107044104df7e3c2c2a,MLA,2025-Q1,análisis de impacto en acquiring tc mla,67a97107044104df7e3c2c2a_4,67a97107044104df7e3c2c2a.json
,prioridades,mejora continua y scheme enablers,otra,67a611c9d63312913176d8fb_2,67a611c9d63312913176d8fb,mla,2025-Q1,track parent guarantee mla,67a611c9d63312913176d8fb_2,67a611c9d63312913176d8fb.json
,,mejora continua y scheme enablers,Visa,67a97107044104df7e3c2c2a_3,67a97107044104df7e3c2c2a,MLB,2025-Q1,empezar track de prop de incentivo visa mlb,67a97107044104df7e3c2c2a_3,67a97107044104df7e3c2c2a.json
,,mejora continua y scheme enablers,Otra,67af7c5f3aedbaf8299719c7_3,67af7c5f3aedbaf8299719c7,CORP,2025-Q1,fu nuevas licencias reportería,67af7c5f3aedbaf8299719c7_3,67af7c5f3aedbaf8299719c7.json
,mejora planning,mejora continua y scheme enablers,Mastercard,67b2ab9448de85b830607fd0_3,67b2ab9448de85b830607fd0,MLA,2025-Q1,afinar calculo de impacto marginal tc mla mastercard en acquiring continuar explorar con pricing mlb pedido de programa de icnentivo para visa en mlb,67b2ab9448de85b830607fd0_3,67b2ab9448de85b830607fd0.json
,mejora planning,mejora continua y scheme enablers,Otra,67b2ab9448de85b830607fd0_2,67b2ab9448de85b830607fd0,CORP,2025-Q1,cálculo más detallado costo plazo presentación de resultados genova,67b2ab9448de85b830607fd0_2,67b2ab9448de85b830607fd0.json
,mejora planning,mejora continua y scheme enablers,Otra,67b2ab9448de85b830607fd0_1,67b2ab9448de85b830607fd0,CORP,2025-Q1,cerrar controles manuales y análisis fee de bandera,67b2ab9448de85b830607fd0_1,67b2ab9448de85b830607fd0.json
,mejora planning,mejora continua y scheme enablers,Visa,67b2ab9448de85b830607fd0_4,67b2ab9448de85b830607fd0,MLB,2025-Q1,follow-up notificación visa mlb retroactivo ic mcc case,67b2ab9448de85b830607fd0_4,67b2ab9448de85b830607fd0.json
,,mejora continua y scheme enablers,Otra,67af7c5f3aedbaf8299719c7_1,67af7c5f3aedbaf8299719c7,MLB,2025-Q1,nuevo caso virp genova mlb @martinabailo,67af7c5f3aedbaf8299719c7_1,67af7c5f3aedbaf8299719c7.json
,,mejora continua y scheme enablers,Otra,67af7c5f3aedbaf8299719c7_2,67af7c5f3aedbaf8299719c7,MLA,2025-Q1,temas abiertos genova mla flujo transferencias y fee de riesgo catch up legales,67af7c5f3aedbaf8299719c7_2,67af7c5f3aedbaf8299719c7.json
,scheme enablers,mejora continua y scheme enablers,Mastercard,67bc6b240f3dce495daefdf7_2,67bc6b240f3dce495daefdf7,CORP,2025-Q1,reunión presencial master p temas pendientes,67bc6b240f3dce495daefdf7_2,67bc6b240f3dce495daefdf7.json
,scheme enablers,mejora continua y scheme enablers,Otra,67bc6b240f3dce495daefdf7_1,67bc6b240f3dce495daefdf7,MLA,2025-Q1,aft mla mesa turco hoqui negocio site para respuesta,67bc6b240f3dce495daefdf7_1,67bc6b240f3dce495daefdf7.json
,scheme enablers,mejora continua y scheme enablers,Otra,67bc6b240f3dce495daefdf7_3,67bc6b240f3dce495daefdf7,MLU,2025-Q1,fup licencia emicora mlu discovery marcas génova mlco,67bc6b240f3dce495daefdf7_3,67bc6b240f3dce495daefdf7.json
,,mejora continua y scheme enablers,"Visa, Mastercard",67c84147254a82dd28bdd643_3,67c84147254a82dd28bdd643,MLM,2025-Q1,cerrar presentacion de visa y mastercard regionales + competitividad mlm feb25,67c84147254a82dd28bdd643_3,67c84147254a82dd28bdd643.json
,,mejora continua y scheme enablers,Visa,67c84c1aadb833e7a119710e_2,67c84c1aadb833e7a119710e,CORP,2025-Q1,reunión con joaco braceras por mandate visa actualización de precios de vrol y posibles next steps regionales,67c84c1aadb833e7a119710e_2,67c84c1aadb833e7a119710e.json
,,mejora continua y scheme enablers,Mastercard,67c84147254a82dd28bdd643_1,67c84147254a82dd28bdd643,MLC,2025-Q1,iniciar control y gestion de fee de bandera + apertura de be mastercard mlc transaccionales por tipo de captura,67c84147254a82dd28bdd643_1,67c84147254a82dd28bdd643.json
,,mejora continua y scheme enablers,Otra,67c84147254a82dd28bdd643_2,67c84147254a82dd28bdd643,MLB,2025-Q1,resultados genova febrero 2025 - seguir con analisis costo plazo (mlb),67c84147254a82dd28bdd643_2,67c84147254a82dd28bdd643.json
,,mejora continua y scheme enablers,Otra,67c84c1aadb833e7a119710e_3,67c84c1aadb833e7a119710e,CORP,2025-Q1,reunión con team de ia para revisar en conjunto lo que subió la herramienta con relación a los mandates de febrero,67c84c1aadb833e7a119710e_3,67c84c1aadb833e7a119710e.json
,,mejora continua y scheme enablers,Visa,67c84c1aadb833e7a119710e_1,67c84c1aadb833e7a119710e,MLA,2025-Q1,respuesta nca por visa aft en mla y definir plan de acción defensa visa relacionada a que el cobro p2p no es un sobrecargo,67c84c1aadb833e7a119710e_1,67c84c1aadb833e7a119710e.json
,,mejora continua y scheme enablers,Visa,67c84147254a82dd28bdd643_4,67c84147254a82dd28bdd643,MLM,2025-Q1,cerrar proyecciones prosa visa mlm -para compartir con visa,67c84147254a82dd28bdd643_4,67c84147254a82dd28bdd643.json
,scheme enablers,mejora continua y scheme enablers,Otra,67cb485297b14767443b132b_1,67cb485297b14767443b132b,CORP,2025-Q1,response AFT + FUP sobrecargos,67cb485297b14767443b132b_1,67cb485297b14767443b132b.json
,scheme enablers,mejora continua y scheme enablers,Visa,67cb485297b14767443b132b_2,67cb485297b14767443b132b,MLB,2025-Q1,solicitud de una extensión del plazo de implementación (deferral) para el aumento de costos de chargebacks previsto por Visa para MLB y MLA para el 1.4.,67cb485297b14767443b132b_2,67cb485297b14767443b132b.json
,planning y mejora continua,mejora continua y scheme enablers,Otra,67ced39484c70527cc271192_3,67ced39484c70527cc271192,MLM,2025-Q1,competitividad génova mlm presentación pau objetivo mostrar impacto en acquiring por elección de tc mla validar previo con team cards,67ced39484c70527cc271192_3,67ced39484c70527cc271192.json
,scheme enablers,mejora continua y scheme enablers,Otra,67cb485297b14767443b132b_3,67cb485297b14767443b132b,MLM,2025-Q1,1:1 con Vero MLM y Ale MLA por alineaciones pendientes + Monthly Deck + novedades de banderas + looker scheme enablers,67cb485297b14767443b132b_3,67cb485297b14767443b132b.json
,planning y mejora continua,mejora continua y scheme enablers,Otra,67ced39484c70527cc271192_1,67ced39484c70527cc271192,CORP,2025-Q1,resultados génova febrero 2025,67ced39484c70527cc271192_1,67ced39484c70527cc271192.json
,planning y mejora continua,mejora continua y scheme enablers,Otra,67ced39484c70527cc271192_4,67ced39484c70527cc271192,MLA,2025-Q1,chargebacks mla explorar impacto de mejor performance a través de génova,67ced39484c70527cc271192_4,67ced39484c70527cc271192.json
,planning y mejora continua,mejora continua y scheme enablers,Otra,67ced39484c70527cc271192_2,67ced39484c70527cc271192,CORP,2025-Q1,control y gestión de fee de bandera emisión y génova presentación pau objetivo mostrar diferencias entre precios de banderas,67ced39484c70527cc271192_2,67ced39484c70527cc271192.json
,scheme enablers,mejora continua y scheme enablers,Mastercard,67d46a8d9304675ca021b355_3,67d46a8d9304675ca021b355,CORP,2025-Q1,sesión con mastercard por revisión conceptos qmr,67d46a8d9304675ca021b355_3,67d46a8d9304675ca021b355.json
,scheme enablers,mejora continua y scheme enablers,Mastercard,67d46a8d9304675ca021b355_2,67d46a8d9304675ca021b355,CORP,2025-Q1,fup mail mastercard por renovación collateral,67d46a8d9304675ca021b355_2,67d46a8d9304675ca021b355.json
,planning y mejora,mejora continua y scheme enablers,otra,67d7a1e56034c4d15ab0eda2_1,67d7a1e56034c4d15ab0eda2,MLA,2025-Q1,cerrar resultados genova feb-24 + presentación de resultados + costo plazo + competitividad mla (foco mcc incentivados - smart routing),67d7a1e56034c4d15ab0eda2_1,67d7a1e56034c4d15ab0eda2.json
,planning y mejora,mejora continua y scheme enablers,otra,67d7a1e56034c4d15ab0eda2_4,67d7a1e56034c4d15ab0eda2,CORP,2025-Q1,seguimiento a finops + impacto 3ds (estimación en base al a/b testing de rodri b.),67d7a1e56034c4d15ab0eda2_4,67d7a1e56034c4d15ab0eda2.json
,scheme enablers,mejora continua y scheme enablers,Otra,67d46a8d9304675ca021b355_1,67d46a8d9304675ca021b355,MLM,2025-Q1,qoc mlm y mla (mexico viernes y reunión para definir next steps visita mayo mla),67d46a8d9304675ca021b355_1,67d46a8d9304675ca021b355.json
,planning y mejora,mejora continua y scheme enablers,otra,67d7a1e56034c4d15ab0eda2_2,67d7a1e56034c4d15ab0eda2,MLC,2025-Q1,fee de bandera emisión + controles manuales all + fees mlc cnp / cp,67d7a1e56034c4d15ab0eda2_2,67d7a1e56034c4d15ab0eda2.json
,planning y mejora,mejora continua y scheme enablers,otra,67d7a1e56034c4d15ab0eda2_3,67d7a1e56034c4d15ab0eda2,MLM,2025-Q1,competitividad mlm + calculo de fee de bandera para big sellers según transaccionalidad,67d7a1e56034c4d15ab0eda2_3,67d7a1e56034c4d15ab0eda2.json
,,mejora continua y scheme enablers,Mastercard,67e161ae32b538efd030bbf7_1,67e161ae32b538efd030bbf7,MLC,2025-Q1,"afinar cálculo de fee master mlc cp/cnp, estructurar análisis de tpv rechazado en emisión internacional",67e161ae32b538efd030bbf7_1,67e161ae32b538efd030bbf7.json
,,mejora continua y scheme enablers,Otra,67e161ae32b538efd030bbf7_3,67e161ae32b538efd030bbf7,MLA,2025-Q1,continuar análisis de costos de genova por big seller (foco mla) + cerrar presen competitividad mlm con ayuda de cams,67e161ae32b538efd030bbf7_3,67e161ae32b538efd030bbf7.json
,,mejora continua y scheme enablers,Otra,67e161ae32b538efd030bbf7_4,67e161ae32b538efd030bbf7,MLC,2025-Q1,alinear cotizador / simulador de pricing para mlc + analizar flujo cross marketplace mla,67e161ae32b538efd030bbf7_4,67e161ae32b538efd030bbf7.json
,,mejora continua y scheme enablers,Otra,67e1f4d9134d15ca10500efb_3,67e1f4d9134d15ca10500efb,MLA,2025-Q1,x border mla assessment rules + posibles multas + cómo hacemos en otros mercados,67e1f4d9134d15ca10500efb_3,67e1f4d9134d15ca10500efb.json
,,mejora continua y scheme enablers,Otra,67e161ae32b538efd030bbf7_2,67e161ae32b538efd030bbf7,CORP,2025-Q1,rediseño weekly genova + primera versión de forecast para genova,67e161ae32b538efd030bbf7_2,67e161ae32b538efd030bbf7.json
,,mejora continua y scheme enablers,Otra,67e1f4d9134d15ca10500efb_2,67e1f4d9134d15ca10500efb,MLA,2025-Q1,fup auditoría mla visibilidad y comenzar armado de script,67e1f4d9134d15ca10500efb_2,67e1f4d9134d15ca10500efb.json
,,mejora continua y scheme enablers,Otra,67e1f4d9134d15ca10500efb_1,67e1f4d9134d15ca10500efb,MLB,2025-Q1,reunión ale atar por track transferencias p2p para estructurar las opciones de endgame riesgos y oportunidades estrategia sostenible para el uso de tarjetas en transferencias + reunión mensual legales mlb + reunión mensual legales x,67e1f4d9134d15ca10500efb_1,67e1f4d9134d15ca10500efb.json
,,mejora continua y scheme enablers,Otra,67e70b6fea3c96b4fbeddb7e_2,67e70b6fea3c96b4fbeddb7e,MLA,2025-Q1,inicio preparación auditoría mla; revisión 8 qs anteriores con @alvaronoriega88 y comienzo armado script,67e70b6fea3c96b4fbeddb7e_2,67e70b6fea3c96b4fbeddb7e.json
,,mejora continua y scheme enablers,Otra,67e70b6fea3c96b4fbeddb7e_1,67e70b6fea3c96b4fbeddb7e,MLA,2025-Q1,visibilidad assessment x border payments mla & next steps,67e70b6fea3c96b4fbeddb7e_1,67e70b6fea3c96b4fbeddb7e.json
,mejora y planning,mejora continua y scheme enablers,Otra,67e959e0dd9b00288eae4eba_3,67e959e0dd9b00288eae4eba,MLA,2025-Q1,seguimos con el análisis de costos de génova individualizados de big sellers en mla + diseño de seguimiento y control de razonabilidad prosa @noelialoza3,67e959e0dd9b00288eae4eba_3,67e959e0dd9b00288eae4eba.json
,,mejora continua y scheme enablers,Mastercard,67e70b6fea3c96b4fbeddb7e_3,67e70b6fea3c96b4fbeddb7e,MLB,2025-Q1,pendientes: cerrar número actualización collateral mastercard (75 m) + mesa con negocio credits mlb (negociación incentivos + next steps visa) + revisión contratos pendientes (anexo prosa & others) + cierre kpis se 2024.,67e70b6fea3c96b4fbeddb7e_3,67e70b6fea3c96b4fbeddb7e.json
,mejora y planning,mejora continua y scheme enablers,Otra,67e959e0dd9b00288eae4eba_2,67e959e0dd9b00288eae4eba,CORP,2025-Q1,empezar cálculo resultados génova mar-25 +  empezar a preparar qbr 25q1 + forecast 2025 @antonelamutti1,67e959e0dd9b00288eae4eba_2,67e959e0dd9b00288eae4eba.json
,mejora y planning,mejora continua y scheme enablers,Mastercard,67e959e0dd9b00288eae4eba_1,67e959e0dd9b00288eae4eba,MLA,2025-Q1,empezar descargas y análisis de facturas mastecard + seguimiento finops + revisar controles de tc mla @camilaprandi,67e959e0dd9b00288eae4eba_1,67e959e0dd9b00288eae4eba.json
,,mejora continua y scheme enablers,Otra,67f02a4ad5409ac2aa2f7374_2,67f02a4ad5409ac2aa2f7374,CORP,2025-Q2,rochi - milo first steps notebook @milonguita_ok,67f02a4ad5409ac2aa2f7374_2,67f02a4ad5409ac2aa2f7374.json
,mejora planning,mejora continua y scheme enablers,Otra,67f31fff73b83431e43aa89a_3,67f31fff73b83431e43aa89a,MLA,2025-Q2,calculo fee de bandera prosa continuar deck de calculo diferenciado de fee de bandera por seller mla,67f31fff73b83431e43aa89a_3,67f31fff73b83431e43aa89a.json
,mejora planning,mejora continua y scheme enablers,Otra,67f31fff73b83431e43aa89a_4,67f31fff73b83431e43aa89a,MLA,2025-Q2,pifo cálculo de impacto económico estimado diseño controles tarjeta mla,67f31fff73b83431e43aa89a_4,67f31fff73b83431e43aa89a.json
,mejora planning,mejora continua y scheme enablers,Otra,67f31fff73b83431e43aa89a_1,67f31fff73b83431e43aa89a,CORP,2025-Q2,calculo fees de bandera emisión génova controles manuales,67f31fff73b83431e43aa89a_1,67f31fff73b83431e43aa89a.json
,,mejora continua y scheme enablers,Otra,67f02a4ad5409ac2aa2f7374_3,67f02a4ad5409ac2aa2f7374,CORP,2025-Q2,reunión review mandates issuing @camilageyer1 @martinabailo @mariaemiliamartino,67f02a4ad5409ac2aa2f7374_3,67f02a4ad5409ac2aa2f7374.json
,mejora planning,mejora continua y scheme enablers,Otra,67f31fff73b83431e43aa89a_2,67f31fff73b83431e43aa89a,MLA,2025-Q2,resultados génova mar25 qbr q1 génova competitividad mla,67f31fff73b83431e43aa89a_2,67f31fff73b83431e43aa89a.json
,,mejora continua y scheme enablers,Otra,67f02a4ad5409ac2aa2f7374_1,67f02a4ad5409ac2aa2f7374,MLA,2025-Q2,fup auditoría qoc mla (@alvaronoriega88 )+ presentación reportes genova + emisión all sites,67f02a4ad5409ac2aa2f7374_1,67f02a4ad5409ac2aa2f7374.json
,,mejora continua y scheme enablers,Otra,67fbbc243e2215a2dd93c27f_2,67fbbc243e2215a2dd93c27f,CORP,2025-Q2,presentación qbr génova q12025 + fcst 2025 génova,67fbbc243e2215a2dd93c27f_2,67fbbc243e2215a2dd93c27f.json
,,mejora continua y scheme enablers,Otra,67fbbc243e2215a2dd93c27f_4,67fbbc243e2215a2dd93c27f,MLB,2025-Q2,seguimiento notificación mcc mlb + alineamiento cálculos de fee mlb,67fbbc243e2215a2dd93c27f_4,67fbbc243e2215a2dd93c27f.json
,,mejora continua y scheme enablers,Otra,67fbbc243e2215a2dd93c27f_1,67fbbc243e2215a2dd93c27f,CORP,2025-Q2,controles manuales de fee de bandera + presentación fee de bandera,67fbbc243e2215a2dd93c27f_1,67fbbc243e2215a2dd93c27f.json
,,mejora continua y scheme enablers,Otra,67fce83af1db8e0cc047d515_2,67fce83af1db8e0cc047d515,MLM,2025-Q2,fup firmas pendientes contratos mlm + procesamiento x border mla (relevamiento other sites),67fce83af1db8e0cc047d515_2,67fce83af1db8e0cc047d515.json
,,mejora continua y scheme enablers,Otra,67fce83af1db8e0cc047d515_1,67fce83af1db8e0cc047d515,MLA,2025-Q2,reportes q1 + fup auditoría qoc mla + nca cac,67fce83af1db8e0cc047d515_1,67fce83af1db8e0cc047d515.json
,,mejora continua y scheme enablers,Otra,67fbbc243e2215a2dd93c27f_3,67fbbc243e2215a2dd93c27f,CORP,2025-Q2,implementación de control de razonabilidad fee prosa + one pager costos pifo e implicancias,67fbbc243e2215a2dd93c27f_3,67fbbc243e2215a2dd93c27f.json
,,mejora continua y scheme enablers,Otra,67fce83af1db8e0cc047d515_3,67fce83af1db8e0cc047d515,MLB,2025-Q2,reunión garantías mlb,67fce83af1db8e0cc047d515_3,67fce83af1db8e0cc047d515.json
,planning mejora continua,mejora continua y scheme enablers,Otra,6805a03c10be2f9da78fed45_2,6805a03c10be2f9da78fed45,CORP,2025-Q2,llevarle a big sellers findings de fee x seller para alinear next steps + fee de bandera prosa (apertura bandera y tipo de tarjeta) @noelialoza3,6805a03c10be2f9da78fed45_2,6805a03c10be2f9da78fed45.json
,planning mejora continua,mejora continua y scheme enablers,Otra,6805a03c10be2f9da78fed45_1,6805a03c10be2f9da78fed45,MLB,2025-Q2,alineamiento track fee de bandera con mlb cp y pricing - responsabilidades / coordinaciones / tracks + intelica @camilaprandi,6805a03c10be2f9da78fed45_1,6805a03c10be2f9da78fed45.json
,planning mejora continua,mejora continua y scheme enablers,Otra,6805a03c10be2f9da78fed45_3,6805a03c10be2f9da78fed45,CORP,2025-Q2,qbr genova + fup anto tesorería por impacto de unificación de tc en savings por flujo internacional,6805a03c10be2f9da78fed45_3,6805a03c10be2f9da78fed45.json
,,mejora continua y scheme enablers,Elo,6800f6ef0aad3e41a1540b9b_2,6800f6ef0aad3e41a1540b9b,CORP,2025-Q2,alineación dd elo,6800f6ef0aad3e41a1540b9b_2,6800f6ef0aad3e41a1540b9b.json
,,mejora continua y scheme enablers,Otra,6800f6ef0aad3e41a1540b9b_3,6800f6ef0aad3e41a1540b9b,CORP,2025-Q2,checkpoint regional legales @camilageyer @martinabailo,6800f6ef0aad3e41a1540b9b_3,6800f6ef0aad3e41a1540b9b.json
,,mejora continua y scheme enablers,Otra,6800f6ef0aad3e41a1540b9b_1,6800f6ef0aad3e41a1540b9b,CORP,2025-Q2,mesa revisión estratégica cac,6800f6ef0aad3e41a1540b9b_1,6800f6ef0aad3e41a1540b9b.json
,,mejora continua y scheme enablers,Otra,680be2275fef037dddf72d53_1,680be2275fef037dddf72d53,MLA,2025-Q2,fup auditoría en mla,680be2275fef037dddf72d53_1,680be2275fef037dddf72d53.json
,,mejora continua y scheme enablers,Visa,680be2275fef037dddf72d53_2,680be2275fef037dddf72d53,MLM,2025-Q2,licencia génova visa mlm,680be2275fef037dddf72d53_2,680be2275fef037dddf72d53.json
,planning,mejora continua y scheme enablers,Mastercard,680ee72ab043e7daa21b5d49_1,680ee72ab043e7daa21b5d49,MLB,2025-Q2,deep dive transacciones internacionales mlb + tablero genova int. + casos abiertos master @camilaprandi,680ee72ab043e7daa21b5d49_1,680ee72ab043e7daa21b5d49.json
,,mejora continua y scheme enablers,Otra,680be2275fef037dddf72d53_3,680be2275fef037dddf72d53,CORP,2025-Q2,cbt x site,680be2275fef037dddf72d53_3,680be2275fef037dddf72d53.json
,planning,mejora continua y scheme enablers,Otra,680ee72ab043e7daa21b5d49_3,680ee72ab043e7daa21b5d49,MLB,2025-Q2,apoyo a mlb para definición de control de razonabilidad sobre collection fees génova,680ee72ab043e7daa21b5d49_3,680ee72ab043e7daa21b5d49.json
,,mejora continua y scheme enablers,Otra,680ee713a5e4e819405441b7_3,680ee713a5e4e819405441b7,MLB,2025-Q2,apoyo a mlb para definición de control de razonabilidad sobre collection fees génova,680ee713a5e4e819405441b7_3,680ee713a5e4e819405441b7.json
,,mejora continua y scheme enablers,Otra,680ee713a5e4e819405441b7_2,680ee713a5e4e819405441b7,MLA,2025-Q2,diseño controles tc mla + control de razonabilidad prosa @noelialoza3,680ee713a5e4e819405441b7_2,680ee713a5e4e819405441b7.json
,,mejora continua y scheme enablers,Mastercard,680ee713a5e4e819405441b7_1,680ee713a5e4e819405441b7,MLB,2025-Q2,deep dive transacciones internacionales mlb + tablero genova int. + casos abiertos master @camilaprandi,680ee713a5e4e819405441b7_1,680ee713a5e4e819405441b7.json
,planning,mejora continua y scheme enablers,Otra,680ee72ab043e7daa21b5d49_2,680ee72ab043e7daa21b5d49,MLA,2025-Q2,diseño controles tc mla + control de razonabilidad prosa @noelialoza3,680ee72ab043e7daa21b5d49_2,680ee72ab043e7daa21b5d49.json
,,mejora continua y scheme enablers,Visa,6814d41c2bcbec1d9280d5ed_1,6814d41c2bcbec1d9280d5ed,MLA,2025-Q2,auditoría visa génova mla (8 mayo) + vencimiento respuesta cac,6814d41c2bcbec1d9280d5ed_1,6814d41c2bcbec1d9280d5ed.json
,,mejora continua y scheme enablers,Elo,6814d41c2bcbec1d9280d5ed_2,6814d41c2bcbec1d9280d5ed,CORP,2025-Q2,sesión dd elo,6814d41c2bcbec1d9280d5ed_2,6814d41c2bcbec1d9280d5ed.json
,,mejora continua y scheme enablers,Otra,6814d41c2bcbec1d9280d5ed_3,6814d41c2bcbec1d9280d5ed,CORP,2025-Q2,review mandates issuing abril 25,6814d41c2bcbec1d9280d5ed_3,6814d41c2bcbec1d9280d5ed.json
,mejora continua y planning,mejora continua y scheme enablers,Otra,6814e1a3f520ad57667f4d7a_1,6814e1a3f520ad57667f4d7a,MLB,2025-Q2,cálculos fee de bandera (foco mlb) + dashboard génova internacional,6814e1a3f520ad57667f4d7a_1,6814e1a3f520ad57667f4d7a.json
,mejora continua y planning,mejora continua y scheme enablers,Otra,6814e1a3f520ad57667f4d7a_2,6814e1a3f520ad57667f4d7a,MLB,2025-Q2,cierre génova + implementación de new weekly (con proxy de internacional mlb),6814e1a3f520ad57667f4d7a_2,6814e1a3f520ad57667f4d7a.json
,mejora continua y planning,mejora continua y scheme enablers,Otra,6814e1a3f520ad57667f4d7a_3,6814e1a3f520ad57667f4d7a,MLA,2025-Q2,sesión con big sellers (mostrar análisis de fee x seller) + prosa fee de bandera + control tc mla,6814e1a3f520ad57667f4d7a_3,6814e1a3f520ad57667f4d7a.json
,,mejora continua y scheme enablers,Otra,6821e444a4741808f1d35d93_3,6821e444a4741808f1d35d93,CORP,2025-Q2,review mensual mandates issuing,6821e444a4741808f1d35d93_3,6821e444a4741808f1d35d93.json
,,mejora continua y scheme enablers,Otra,6821e444a4741808f1d35d93_2,6821e444a4741808f1d35d93,MLB,2025-Q2,fup legales mlb - se,6821e444a4741808f1d35d93_2,6821e444a4741808f1d35d93.json
,,mejora continua y scheme enablers,Otra,68214a0aa7750b2895b2cc9d_3,68214a0aa7750b2895b2cc9d,MLB,2025-Q2,empezar estimación de fee por big seller en mlb + seguimiento para impactar simuladores  pricing + apoyo costos prosa cubo,68214a0aa7750b2895b2cc9d_3,68214a0aa7750b2895b2cc9d.json
,,mejora continua y scheme enablers,Otra,68214a0aa7750b2895b2cc9d_2,68214a0aa7750b2895b2cc9d,MLA,2025-Q2,cierra genova abril25 + competitividad mla + dar input para dash de smart routing,68214a0aa7750b2895b2cc9d_2,68214a0aa7750b2895b2cc9d.json
,,mejora continua y scheme enablers,Elo,6821e444a4741808f1d35d93_1,6821e444a4741808f1d35d93,CORP,2025-Q2,dd elo,6821e444a4741808f1d35d93_1,6821e444a4741808f1d35d93.json
,,mejora continua y scheme enablers,Otra,68214a0aa7750b2895b2cc9d_4,68214a0aa7750b2895b2cc9d,CORP,2025-Q2,estimación de impacto de romper carrito across sites (impacto de incremento en fee de bandera),68214a0aa7750b2895b2cc9d_4,68214a0aa7750b2895b2cc9d.json
,,mejora continua y scheme enablers,Otra,68214a0aa7750b2895b2cc9d_1,68214a0aa7750b2895b2cc9d,MLB,2025-Q2,control manual fee de bandera + alineamiento mlb,68214a0aa7750b2895b2cc9d_1,68214a0aa7750b2895b2cc9d.json
,,mejora continua y scheme enablers,Otra,6827834bcd1bc29e95f6313d_1,6827834bcd1bc29e95f6313d,MLA,2025-Q2,mesa cuota a cuota genova mla @camilageyer1,6827834bcd1bc29e95f6313d_1,6827834bcd1bc29e95f6313d.json
,,mejora continua y scheme enablers,Otra,6827834bcd1bc29e95f6313d_2,6827834bcd1bc29e95f6313d,MLC,2025-Q2,war room caso uso pos en el exterior génova mlc @martinabailo,6827834bcd1bc29e95f6313d_2,6827834bcd1bc29e95f6313d.json
,,mejora continua y scheme enablers,Otra,6827834bcd1bc29e95f6313d_3,6827834bcd1bc29e95f6313d,CORP,2025-Q2,mesa con milo por ia-scheme enablers @martinabailo @camilageyer1,6827834bcd1bc29e95f6313d_3,6827834bcd1bc29e95f6313d.json
,,mejora continua y scheme enablers,Otra,682b2b0413d93dca3c0033cc_2,682b2b0413d93dca3c0033cc,MLB,2025-Q2,costos e impacto internacional mlb + presentación resultados + competitividad mla,682b2b0413d93dca3c0033cc_2,682b2b0413d93dca3c0033cc.json
,,mejora continua y scheme enablers,Otra,682b2b0413d93dca3c0033cc_3,682b2b0413d93dca3c0033cc,MLM,2025-Q2,actualizar competitividad de mexico + continuar con big sellers argentina y brasil,682b2b0413d93dca3c0033cc_3,682b2b0413d93dca3c0033cc.json
,,mejora continua y scheme enablers,Otra,682b2b0413d93dca3c0033cc_1,682b2b0413d93dca3c0033cc,MLB,2025-Q2,finalizar presentación fee + recálculo de fee de bandera mlb por cambio de base de tpv,682b2b0413d93dca3c0033cc_1,682b2b0413d93dca3c0033cc.json
,,mejora continua y scheme enablers,Otra,68337398ad7cda27cfe3cb66_2,68337398ad7cda27cfe3cb66,MLB,2025-Q2,track de big sellers cerrar brasil y calculo de economics de sellers mla para track de conexion directa mla poroto analisis genova ti,68337398ad7cda27cfe3cb66_2,68337398ad7cda27cfe3cb66.json
,,mejora continua y scheme enablers,Elo,6830a86a7b38155e85af98ea_2,6830a86a7b38155e85af98ea,CORP,2025-Q2,elo: fu garantía y pendientes proceso certificación @martinabailo,6830a86a7b38155e85af98ea_2,6830a86a7b38155e85af98ea.json
,,mejora continua y scheme enablers,Mastercard,6830a86a7b38155e85af98ea_4,6830a86a7b38155e85af98ea,MLA,2025-Q2,mla: visa compliance case cac (mesa marian s + chicho + legales x estrategia de respuesta)+ fee de riesgo mastercard,6830a86a7b38155e85af98ea_4,6830a86a7b38155e85af98ea.json
,,mejora continua y scheme enablers,Otra,68337398ad7cda27cfe3cb66_4,68337398ad7cda27cfe3cb66,CORP,2025-Q2,impacto tte bank risk economics adquirencia cross border,68337398ad7cda27cfe3cb66_4,68337398ad7cda27cfe3cb66.json
,,mejora continua y scheme enablers,Mastercard,68337398ad7cda27cfe3cb66_3,68337398ad7cda27cfe3cb66,CORP,2025-Q2,presentacion fee de bandera casos abiertos con master,68337398ad7cda27cfe3cb66_3,68337398ad7cda27cfe3cb66.json
,,mejora continua y scheme enablers,Mastercard,68337398ad7cda27cfe3cb66_1,68337398ad7cda27cfe3cb66,MLA,2025-Q2,cerrar competitividad argentina ejecutar cambios en metodologia de calculo de results genova debito mlb master mlc,68337398ad7cda27cfe3cb66_1,68337398ad7cda27cfe3cb66.json
,,mejora continua y scheme enablers,Otra,6830a86a7b38155e85af98ea_1,6830a86a7b38155e85af98ea,MLB,2025-Q2,ia: reunión legal assistant + bi-weekly notebook mlb,6830a86a7b38155e85af98ea_1,6830a86a7b38155e85af98ea.json
,,mejora continua y scheme enablers,Visa,6830a86a7b38155e85af98ea_3,6830a86a7b38155e85af98ea,MLA,2025-Q2,mla: visa compliance case cac (mesa marian s + chicho + legales x estrategia de respuesta)+ fee de riesgo mastercard,6830a86a7b38155e85af98ea_3,6830a86a7b38155e85af98ea.json
,,mejora continua y scheme enablers,Otra,682b2b0413d93dca3c0033cc_4,682b2b0413d93dca3c0033cc,CORP,2025-Q2,tte economics + economics cross border,682b2b0413d93dca3c0033cc_4,682b2b0413d93dca3c0033cc.json
,,mejora continua y scheme enablers,Otra,683a0be2ad90c6a234fbef82_2,683a0be2ad90c6a234fbef82,CORP,2025-Q2,presentación oficial de clara,683a0be2ad90c6a234fbef82_2,683a0be2ad90c6a234fbef82.json
,,mejora continua y scheme enablers,Otra,683cd5144466ec8b5e7377ab_4,683cd5144466ec8b5e7377ab,CORP,2025-Q2,cerrar entendimiento de negocio de cbt / cbp (deep dive fx spread),683cd5144466ec8b5e7377ab_4,683cd5144466ec8b5e7377ab.json
,,mejora continua y scheme enablers,Otra,683cd5144466ec8b5e7377ab_1,683cd5144466ec8b5e7377ab,CORP,2025-Q2,fees de bandera mayo 2025 + alta usuario intelica (seguir gestión con seg inf),683cd5144466ec8b5e7377ab_1,683cd5144466ec8b5e7377ab.json
,,mejora continua y scheme enablers,Otra,683cd5144466ec8b5e7377ab_3,683cd5144466ec8b5e7377ab,MLA,2025-Q2,continuar la iteración con pricing sobre los cambios en simuladores y cubo - cerrar el pedido de big sellers arg (costos de conexión directa),683cd5144466ec8b5e7377ab_3,683cd5144466ec8b5e7377ab.json
,,mejora continua y scheme enablers,Otra,683cd5144466ec8b5e7377ab_2,683cd5144466ec8b5e7377ab,"MLC, MLM",2025-Q2,full cierre resultados genova junio 2025 + seguir rondas de inputs para génova 2026 con core payments (chile / mex),683cd5144466ec8b5e7377ab_2,683cd5144466ec8b5e7377ab.json
,,mejora continua y scheme enablers,Otra,683a0be2ad90c6a234fbef82_1,683a0be2ad90c6a234fbef82,MLA,2025-Q2,mesa legales y negocio por monotributistas ic 0%,683a0be2ad90c6a234fbef82_1,683a0be2ad90c6a234fbef82.json
,,mejora continua y scheme enablers,Visa,683a0be2ad90c6a234fbef82_3,683a0be2ad90c6a234fbef82,MLM,2025-Q2,definición contrato génova visa,683a0be2ad90c6a234fbef82_3,683a0be2ad90c6a234fbef82.json
,,mejora continua y scheme enablers,Visa,6846bf75051ff9bc20f9246f_1,6846bf75051ff9bc20f9246f,CORP,2025-Q2,fup contrato génova legales armó informe de contingencia con tress puntos 1fees visa puede modificar los fees de forma unilateral ya que están publicados en su web y no requieren autorización de nuestra parte no tenemos control sobre su evolución,6846bf75051ff9bc20f9246f_1,6846bf75051ff9bc20f9246f.json
,,mejora continua y scheme enablers,Otra,6846bf75051ff9bc20f9246f_5,6846bf75051ff9bc20f9246f,CORP,2025-Q2,ia scheme enablers clara,6846bf75051ff9bc20f9246f_5,6846bf75051ff9bc20f9246f.json
,,mejora continua y scheme enablers,Visa,6846bf75051ff9bc20f9246f_3,6846bf75051ff9bc20f9246f,MLM,2025-Q2,terminación para rescindir el contrato debemos notificar a visa con al menos 120 días de antelación incentivos emisión mlm,6846bf75051ff9bc20f9246f_3,6846bf75051ff9bc20f9246f.json
,mejora planning,mejora continua y scheme enablers,Otra,68462fde0fcb6f9601d01dd0_2,68462fde0fcb6f9601d01dd0,CORP,2025-Q2,cierre genova mayo 2025 presentacion de resultados,68462fde0fcb6f9601d01dd0_2,68462fde0fcb6f9601d01dd0.json
,mejora planning,mejora continua y scheme enablers,Visa,68462fde0fcb6f9601d01dd0_1,68462fde0fcb6f9601d01dd0,MLA,2025-Q2,deep dive fee visa y master mla 2025 conclusiones y reporte de fee de bandera mayo 2025 tpv internacional en looker,68462fde0fcb6f9601d01dd0_1,68462fde0fcb6f9601d01dd0.json
,mejora planning,mejora continua y scheme enablers,Otra,68462fde0fcb6f9601d01dd0_3,68462fde0fcb6f9601d01dd0,MLB,2025-Q2,cerrar carga de fees de bandera de hispanos para el cubo cross checks big sellers brasil track competitividad de mex,68462fde0fcb6f9601d01dd0_3,68462fde0fcb6f9601d01dd0.json
,,mejora continua y scheme enablers,Visa,6846bf75051ff9bc20f9246f_2,6846bf75051ff9bc20f9246f,CORP,2025-Q2,ley aplicable y jurisdicción el contrato se rige por ley del estado de california cualquier controversia se resuelve por arbitraje en san francisco bajo reglas icc,6846bf75051ff9bc20f9246f_2,6846bf75051ff9bc20f9246f.json
,,mejora continua y scheme enablers,Visa,6846bf75051ff9bc20f9246f_4,6846bf75051ff9bc20f9246f,CORP,2025-Q2,deep dive visa cuota a cuota a raíz de la comunicación formal de galicia informando su baja del programa cuota a cuota como emisor visa efectiva desde el 1006 hoy estaremos haciendo un deep dive de reglas para revisar los márgenes de acción disponibles impactos y próximos pasos,6846bf75051ff9bc20f9246f_4,6846bf75051ff9bc20f9246f.json
,mejora planning,mejora continua y scheme enablers,Otra,68462fde0fcb6f9601d01dd0_4,68462fde0fcb6f9601d01dd0,MLM,2025-Q2,estimacion impacto de tasas naturales mlm cerrar entendimiento de economics actuales cross border acquiring cards,68462fde0fcb6f9601d01dd0_4,68462fde0fcb6f9601d01dd0.json
,,mejora continua y scheme enablers,Otra,685145d7a392c89b6cd751da_1,685145d7a392c89b6cd751da,CORP,2025-Q2,productivity squad biweekly- avances clara,685145d7a392c89b6cd751da_1,685145d7a392c89b6cd751da.json
,noe ooo,mejora continua y scheme enablers,Otra,684d5c1d26a6074398f6dc84_1,684d5c1d26a6074398f6dc84,CORP,2025-Q2,controles manuales adquirencia y emision presentacion fee de bandera may25 camilaprandi,684d5c1d26a6074398f6dc84_1,684d5c1d26a6074398f6dc84.json
,,mejora continua y scheme enablers,Otra,685145d7a392c89b6cd751da_2,685145d7a392c89b6cd751da,MCO,2025-Q2,kickoff genova colombia @martinabailo,685145d7a392c89b6cd751da_2,685145d7a392c89b6cd751da.json
,noe ooo,mejora continua y scheme enablers,Otra,684d5c1d26a6074398f6dc84_2,684d5c1d26a6074398f6dc84,CORP,2025-Q2,capacitacion adn meli mar y mier presentacion resultados genova may25 antonelamutti1,684d5c1d26a6074398f6dc84_2,684d5c1d26a6074398f6dc84.json
,noe ooo,mejora continua y scheme enablers,Visa,684d5c1d26a6074398f6dc84_3,684d5c1d26a6074398f6dc84,MLB,2025-Q2,desbloquear porotos de finops control billing events transaccionales visa emision mlb visa emision mlm impacto nuevos mandates de tokenizacion en mlb,684d5c1d26a6074398f6dc84_3,684d5c1d26a6074398f6dc84.json
,,mejora continua y scheme enablers,Otra,685145d7a392c89b6cd751da_3,685145d7a392c89b6cd751da,CORP,2025-Q2,monthly genova it,685145d7a392c89b6cd751da_3,685145d7a392c89b6cd751da.json
,,mejora continua y scheme enablers,Otra,6858ae48bcf21175d2046042_2,6858ae48bcf21175d2046042,CORP,2025-Q2,rediseño weekly + presentación resultados génova mayo-25 @antonelamutti1,6858ae48bcf21175d2046042_2,6858ae48bcf21175d2046042.json
,,mejora continua y scheme enablers,Otra,68588445673fb08fca92e6ca_1,68588445673fb08fca92e6ca,CORP,2025-Q2,reunión mensual legales corp,68588445673fb08fca92e6ca_1,68588445673fb08fca92e6ca.json
,,mejora continua y scheme enablers,Otra,6858ae48bcf21175d2046042_4,6858ae48bcf21175d2046042,CORP,2025-Q2,estimación de impacto addresable por tasas naturales junto a @pilaroviedo1,6858ae48bcf21175d2046042_4,6858ae48bcf21175d2046042.json
,,mejora continua y scheme enablers,Mastercard,6858ae48bcf21175d2046042_1,6858ae48bcf21175d2046042,MLA,2025-Q2,análisis de impacto de notificación mla x mcc miscoding por soft descriptor + follow up casos abiertos con master @camilaprandi,6858ae48bcf21175d2046042_1,6858ae48bcf21175d2046042.json
,,mejora continua y scheme enablers,Visa,68588445673fb08fca92e6ca_3,68588445673fb08fca92e6ca,MLA,2025-Q2,fup notificación visa génova mla x mcc miscoding,68588445673fb08fca92e6ca_3,68588445673fb08fca92e6ca.json
,,mejora continua y scheme enablers,Otra,68588445673fb08fca92e6ca_2,68588445673fb08fca92e6ca,CORP,2025-Q2,fup ia se @camilageyer1 + primer sesión de gen ai entrenamiento práctico | sesión en vivo,68588445673fb08fca92e6ca_2,68588445673fb08fca92e6ca.json
,,mejora continua y scheme enablers,Otra,6858ae48bcf21175d2046042_3,6858ae48bcf21175d2046042,MLB,2025-Q2,ejecutar controles sobre cambios de cubo hispanos + empezar mlb + actualizar deck de nuevos costos de tokenización brasil @noelialoza3,6858ae48bcf21175d2046042_3,6858ae48bcf21175d2046042.json
,planning y mejora,mejora continua y scheme enablers,Otra,686211e32f652d50e53fe120_2,686211e32f652d50e53fe120,CORP,2025-Q2,cierre resultados genova junio 25+ fcst 2025 (pres a pau),686211e32f652d50e53fe120_2,686211e32f652d50e53fe120.json
,,mejora continua y scheme enablers,Elo,685eeddc43ee0fc30662816a_3,685eeddc43ee0fc30662816a,CORP,2025-Q2,garantía elo: definición del instrumento con teso local y corp + reunión con riesgos elo,685eeddc43ee0fc30662816a_3,685eeddc43ee0fc30662816a.json
,,mejora continua y scheme enablers,Otra,685eeddc43ee0fc30662816a_2,685eeddc43ee0fc30662816a,CORP,2025-Q2,reporting: comienzo período de presentación de reportes qmr/qoc q2 2025,685eeddc43ee0fc30662816a_2,685eeddc43ee0fc30662816a.json
,,mejora continua y scheme enablers,Otra,685eeddc43ee0fc30662816a_1,685eeddc43ee0fc30662816a,CORP,2025-Q2,inicio del handover de se con alvi,685eeddc43ee0fc30662816a_1,685eeddc43ee0fc30662816a.json
,planning y mejora,mejora continua y scheme enablers,Mastercard,686211e32f652d50e53fe120_1,686211e32f652d50e53fe120,MLB,2025-Q2,fees de bandera junio 2025 + incorporando prosa - cierre análisis impacto an 11491 (con foco en maestro mastercard brasil),686211e32f652d50e53fe120_1,686211e32f652d50e53fe120.json
,planning y mejora,mejora continua y scheme enablers,Mastercard,686211e32f652d50e53fe120_3,686211e32f652d50e53fe120,MLB,2025-Q2,"track de fees de brasil - automatizar control de prosa y traspaso a cam, mexico: revisión de tasas naturales prosa vs camara master (posibles oportunidades de eficiencias en genova master)",686211e32f652d50e53fe120_3,686211e32f652d50e53fe120.json
,scheme enablers,mejora continua y scheme enablers,Visa,6868aaa59801e07795d4c752_4,6868aaa59801e07795d4c752,MLB,2025-Q3,multa match qmap génova mlb alineamiento next steps y notificación visa mcc miscoding flujo utilities,6868aaa59801e07795d4c752_4,6868aaa59801e07795d4c752.json
,,mejora continua y scheme enablers,Otra,6868aaa59801e07795d4c752_6,6868aaa59801e07795d4c752,CORP,2025-Q3,alvi transición se slides qbr marcos,6868aaa59801e07795d4c752_6,6868aaa59801e07795d4c752.json
,mc planning,mejora continua y scheme enablers,Visa,6868aaa59801e07795d4c752_1,6868aaa59801e07795d4c752,MLA,2025-Q3,cálculos fee de bandera jun25 controles manuales y reclamos adecuar casuística de notificación sr2002564448 visa mla cerrar impacto nuevo billings débito mlb,6868aaa59801e07795d4c752_1,6868aaa59801e07795d4c752.json
,scheme enablers,mejora continua y scheme enablers,Otra,6868aaa59801e07795d4c752_5,6868aaa59801e07795d4c752,CORP,2025-Q3,reportes de cierre de q a banderas,6868aaa59801e07795d4c752_5,6868aaa59801e07795d4c752.json
,mc planning,mejora continua y scheme enablers,Otra,6868aaa59801e07795d4c752_2,6868aaa59801e07795d4c752,CORP,2025-Q3,cierre genova junio 25 forecast 25 presentacion a pau qbr q2,6868aaa59801e07795d4c752_2,6868aaa59801e07795d4c752.json
,mc planning,mejora continua y scheme enablers,Mastercard,6868aaa59801e07795d4c752_3,6868aaa59801e07795d4c752,MLM,2025-Q3,mex tasas naturales camara master vs getnet y prosa y pruebas sobre el fee de bandera de cubo hispanos brasil,6868aaa59801e07795d4c752_3,6868aaa59801e07795d4c752.json
,,mejora continua y scheme enablers,Visa,6872b8a5a8fe9b84f6a1bccd_1,6872b8a5a8fe9b84f6a1bccd,MLA,2025-Q3,recibimos la devolucion de visa por usd90k de dctos faltantes en mla grande cams camilaprandi,6872b8a5a8fe9b84f6a1bccd_1,6872b8a5a8fe9b84f6a1bccd.json
,,mejora continua y scheme enablers,Otra,6872b8a5a8fe9b84f6a1bccd_2,6872b8a5a8fe9b84f6a1bccd,CORP,2025-Q3,tenemos a cami g en la nieve por esta semana,6872b8a5a8fe9b84f6a1bccd_2,6872b8a5a8fe9b84f6a1bccd.json
,mejora continua planning,mejora continua y scheme enablers,Otra,6872b8a5a8fe9b84f6a1bccd_4,6872b8a5a8fe9b84f6a1bccd,CORP,2025-Q3,revision qbr qbr genova y pres pau fcst25 genova,6872b8a5a8fe9b84f6a1bccd_4,6872b8a5a8fe9b84f6a1bccd.json
,alvi,mejora continua y scheme enablers,Otra,6872b8a5a8fe9b84f6a1bccd_8,6872b8a5a8fe9b84f6a1bccd,CORP,2025-Q3,deck genova 2026 para tener fraework de discusion de recursos con marian validar que todos los reportes trimestrales se reporten,6872b8a5a8fe9b84f6a1bccd_8,6872b8a5a8fe9b84f6a1bccd.json
,scheme enablers,mejora continua y scheme enablers,Visa,6872b8a5a8fe9b84f6a1bccd_6,6872b8a5a8fe9b84f6a1bccd,MCO,2025-Q3,pendientes licencing firma pg visa fu garantia elo y alineamiento contrato de licencia genova mco mastercard,6872b8a5a8fe9b84f6a1bccd_6,6872b8a5a8fe9b84f6a1bccd.json
,mejora continua planning,mejora continua y scheme enablers,Otra,6872b8a5a8fe9b84f6a1bccd_5,6872b8a5a8fe9b84f6a1bccd,MLB,2025-Q3,fees para cubo continuar con pruebas hispanos brasil seguimiento de cambios mcc mexico de tasas naturales,6872b8a5a8fe9b84f6a1bccd_5,6872b8a5a8fe9b84f6a1bccd.json
,scheme enablers,mejora continua y scheme enablers,Otra,6872b8a5a8fe9b84f6a1bccd_7,6872b8a5a8fe9b84f6a1bccd,CORP,2025-Q3,bau monthly deck y novedades de bandera junio,6872b8a5a8fe9b84f6a1bccd_7,6872b8a5a8fe9b84f6a1bccd.json
,mejora continua planning,mejora continua y scheme enablers,Otra,6872b8a5a8fe9b84f6a1bccd_3,6872b8a5a8fe9b84f6a1bccd,MLA,2025-Q3,seguimiento a implementacion de cambios para notif mla controles manuales fee de bandera presentacion fee de bandera,6872b8a5a8fe9b84f6a1bccd_3,6872b8a5a8fe9b84f6a1bccd.json
,scheme enablers,mejora continua y scheme enablers,Otra,687e28b5a5da6011d920955d_5,687e28b5a5da6011d920955d,CORP,2025-Q3,vamp + análisis de mandates,687e28b5a5da6011d920955d_5,687e28b5a5da6011d920955d.json
,mejora continua planning,mejora continua y scheme enablers,Otra,687e28b5a5da6011d920955d_1,687e28b5a5da6011d920955d,CORP,2025-Q3,revisión costos no transaccionales across sites + gestión casos abiertos fee de bandera + explorar opciones de automatización de gestión de fee comenzando por descarga de facturas.,687e28b5a5da6011d920955d_1,687e28b5a5da6011d920955d.json
,mejora continua planning,mejora continua y scheme enablers,Mastercard,687e28b5a5da6011d920955d_3,687e28b5a5da6011d920955d,MLM,2025-Q3,fees para cubo - continuar con pruebas e iteración sobre cambios + seguimiento de cambios mcc mexico de tasas naturales + comenzar bc de de click to pay para master brasil junto con fer + bc de bigsellers brasil,687e28b5a5da6011d920955d_3,687e28b5a5da6011d920955d.json
,mejora continua planning,mejora continua y scheme enablers,Otra,687e28b5a5da6011d920955d_2,687e28b5a5da6011d920955d,MLM,2025-Q3,costos prosa mlm + fee de riesgo + oportunidad beneficio de approval en otros sites,687e28b5a5da6011d920955d_2,687e28b5a5da6011d920955d.json
,scheme enablers,mejora continua y scheme enablers,Mastercard,687e28b5a5da6011d920955d_4,687e28b5a5da6011d920955d,CORP,2025-Q3,match: estimación costo potencial adecuación + reunión con mc + ia: asistente mandates,687e28b5a5da6011d920955d_4,687e28b5a5da6011d920955d.json
,mejora continua planning,mejora continua y scheme enablers,Otra,68876c42f30b83578bd3ca3b_4,68876c42f30b83578bd3ca3b,MLM,2025-Q3,deck competitividad mla beneficio approval cambios en la weekly genova mlm,68876c42f30b83578bd3ca3b_4,68876c42f30b83578bd3ca3b.json
,scheme enablers,mejora continua y scheme enablers,Otra,68876c42f30b83578bd3ca3b_10,68876c42f30b83578bd3ca3b,MLA,2025-Q3,notificaciones mla detalle de observaciones a los reportes en los últimos qs,68876c42f30b83578bd3ca3b_10,68876c42f30b83578bd3ca3b.json
,mejora continua planning,mejora continua y scheme enablers,Mastercard,68876c42f30b83578bd3ca3b_2,68876c42f30b83578bd3ca3b,MLA,2025-Q3,estimación de impacto y análisis de notificaciones visa mla flujo utilities revisión última adecuación configurar con mastercard el envío automático de facturas de fees de bandera,68876c42f30b83578bd3ca3b_2,68876c42f30b83578bd3ca3b.json
,mejora continua planning,mejora continua y scheme enablers,Otra,68876c42f30b83578bd3ca3b_3,68876c42f30b83578bd3ca3b,MLA,2025-Q3,deck competitividad mla beneficio approval cambios en la weekly genova mlm,68876c42f30b83578bd3ca3b_3,68876c42f30b83578bd3ca3b.json
,mejora continua planning,mejora continua y scheme enablers,Visa,68876c42f30b83578bd3ca3b_1,68876c42f30b83578bd3ca3b,MLA,2025-Q3,estimación de impacto y análisis de notificaciones visa mla flujo utilities revisión última adecuación configurar con mastercard el envío automático de facturas de fees de bandera,68876c42f30b83578bd3ca3b_1,68876c42f30b83578bd3ca3b.json
,mejora continua planning,mejora continua y scheme enablers,Otra,68876c42f30b83578bd3ca3b_5,68876c42f30b83578bd3ca3b,MLA,2025-Q3,fees para cubo cerrar las pruebas resta cerrar diferencia de bases en mla,68876c42f30b83578bd3ca3b_5,68876c42f30b83578bd3ca3b.json
,scheme enablers,mejora continua y scheme enablers,Otra,68876c42f30b83578bd3ca3b_9,68876c42f30b83578bd3ca3b,MLM,2025-Q3,estrategia trx cross border mlm,68876c42f30b83578bd3ca3b_9,68876c42f30b83578bd3ca3b.json
,mejora continua planning,mejora continua y scheme enablers,Mastercard,68876c42f30b83578bd3ca3b_6,68876c42f30b83578bd3ca3b,MLB,2025-Q3,trabajar con los bc de de click to pay para master brasil junto con fer,68876c42f30b83578bd3ca3b_6,68876c42f30b83578bd3ca3b.json
,mejora continua planning,mejora continua y scheme enablers,Otra,68876c42f30b83578bd3ca3b_7,68876c42f30b83578bd3ca3b,MLB,2025-Q3,bc de bigsellers brasil,68876c42f30b83578bd3ca3b_7,68876c42f30b83578bd3ca3b.json
,scheme enablers,mejora continua y scheme enablers,Otra,68876c42f30b83578bd3ca3b_8,68876c42f30b83578bd3ca3b,MLU,2025-Q3,licencing ppd mlu iniciar phase 1 del proceso de licencia foco en aml legales,68876c42f30b83578bd3ca3b_8,68876c42f30b83578bd3ca3b.json
,,mejora continua y scheme enablers,Otra,688fb7066fa8e9449bba4152_3,688fb7066fa8e9449bba4152,MLB,2025-Q3,cerrar pruebas del cubo + cerrar análisis de bs mlb + actualizar competitividad mlm,688fb7066fa8e9449bba4152_3,688fb7066fa8e9449bba4152.json
,,mejora continua y scheme enablers,Visa,688fb7066fa8e9449bba4152_1,688fb7066fa8e9449bba4152,MLA,2025-Q3,fees de bandera julio 2025 + ejecución de accionables correctivos para notificaciones por contenido adulto visa mla & mlb,688fb7066fa8e9449bba4152_1,688fb7066fa8e9449bba4152.json
,alvi,mejora continua y scheme enablers,Otra,688fb7066fa8e9449bba4152_8,688fb7066fa8e9449bba4152,CORP,2025-Q3,ver con marcelogalindez y antonelamutti1 primera propuesta de roadmap de desarrollos para genova 2026,688fb7066fa8e9449bba4152_8,688fb7066fa8e9449bba4152.json
,,mejora continua y scheme enablers,Otra,688fb7066fa8e9449bba4152_2,688fb7066fa8e9449bba4152,MLB,2025-Q3,resultados genova junio 2025 + ab test - approval cnp mlb,688fb7066fa8e9449bba4152_2,688fb7066fa8e9449bba4152.json
,scheme enablers,mejora continua y scheme enablers,Mastercard,688fb7066fa8e9449bba4152_6,688fb7066fa8e9449bba4152,MLU,2025-Q3,traspaso temas a cami y alvi previo a vacaciones + licencing mastercard mlu cerrar fase 1,688fb7066fa8e9449bba4152_6,688fb7066fa8e9449bba4152.json
,scheme enablers,mejora continua y scheme enablers,Visa,688fb7066fa8e9449bba4152_4,688fb7066fa8e9449bba4152,MLM,2025-Q3,enmienda a parent guarantee visa firmada necesaria por licencia adq visa mlm,688fb7066fa8e9449bba4152_4,688fb7066fa8e9449bba4152.json
,scheme enablers,mejora continua y scheme enablers,Otra,688fb7066fa8e9449bba4152_5,688fb7066fa8e9449bba4152,MLA,2025-Q3,novedades de bandera mensual+ notificaciones mla cont adulto + mccs miscoding,688fb7066fa8e9449bba4152_5,688fb7066fa8e9449bba4152.json
,alvi,mejora continua y scheme enablers,Otra,688fb7066fa8e9449bba4152_7,688fb7066fa8e9449bba4152,MLM,2025-Q3,bari - genova on us para mlm y mlb,688fb7066fa8e9449bba4152_7,688fb7066fa8e9449bba4152.json
,mejora continua planning,mejora continua y scheme enablers,CORP,6898f14f17a77ed08e0aa4c2_3,6898f14f17a77ed08e0aa4c2,MLB,2025-Q3,presentación bs mlb + compartir comp mlm con cp mlm + empezar a armar deck track cubo y simuladores,6898f14f17a77ed08e0aa4c2_3,6898f14f17a77ed08e0aa4c2.json
,scheme enablers,mejora continua y scheme enablers,CORP,6898f14f17a77ed08e0aa4c2_5,6898f14f17a77ed08e0aa4c2,CORP,2025-Q3,genova bari on us,6898f14f17a77ed08e0aa4c2_5,6898f14f17a77ed08e0aa4c2.json
,mejora continua planning,mejora continua y scheme enablers,CORP,6898f14f17a77ed08e0aa4c2_2,6898f14f17a77ed08e0aa4c2,MLB,2025-Q3,cierre resultados genova inc impacto approval mlb + fcst genova + deck historias genova 2026,6898f14f17a77ed08e0aa4c2_2,6898f14f17a77ed08e0aa4c2.json
,scheme enablers,mejora continua y scheme enablers,Visa,6898f14f17a77ed08e0aa4c2_4,6898f14f17a77ed08e0aa4c2,MLM,2025-Q3,respuesta notificaciones visa + reunión mandates emisión + firma contratos + help mlm por notificación de getnet plaft,6898f14f17a77ed08e0aa4c2_4,6898f14f17a77ed08e0aa4c2.json
,mejora continua planning,mejora continua y scheme enablers,Mastercard,6898f14f17a77ed08e0aa4c2_1,6898f14f17a77ed08e0aa4c2,CORP,2025-Q3,cierre fees julio + controles no trxles y seguimiento automatización invoice mastercard,6898f14f17a77ed08e0aa4c2_1,6898f14f17a77ed08e0aa4c2.json
,planning mejora continua,mejora continua y scheme enablers,Otra,68a1fad7f65764bac810b679_2,68a1fad7f65764bac810b679,CORP,2025-Q3,genova 2026 presentacion de resultados de julio25 clara,68a1fad7f65764bac810b679_2,68a1fad7f65764bac810b679.json
,planning mejora continua,mejora continua y scheme enablers,Otra,68a1fad7f65764bac810b679_3,68a1fad7f65764bac810b679,MLB,2025-Q3,deck cubo presentacion a bs brasil fees de bandera involucrarse en proyecto net mdr mlb,68a1fad7f65764bac810b679_3,68a1fad7f65764bac810b679.json
,planning mejora continua,mejora continua y scheme enablers,Otra,68a1fad7f65764bac810b679_1,68a1fad7f65764bac810b679,CORP,2025-Q3,presentacion de control de fees de bandera deck de factura tarjeta de credito,68a1fad7f65764bac810b679_1,68a1fad7f65764bac810b679.json
,scheme enablers,mejora continua y scheme enablers,Otra,68a1fad7f65764bac810b679_5,68a1fad7f65764bac810b679,MLU,2025-Q3,contrato dac licencia mco mlu,68a1fad7f65764bac810b679_5,68a1fad7f65764bac810b679.json
,scheme enablers,mejora continua y scheme enablers,Otra,68a1fad7f65764bac810b679_4,68a1fad7f65764bac810b679,MCO,2025-Q3,contrato dac licencia mco mlu,68a1fad7f65764bac810b679_4,68a1fad7f65764bac810b679.json
,scheme enablers,mejora continua y scheme enablers,Otra,68a1fad7f65764bac810b679_6,68a1fad7f65764bac810b679,MLU,2025-Q3,alvi foco en bc mpe y mlu genova,68a1fad7f65764bac810b679_6,68a1fad7f65764bac810b679.json
,,mejora continua y scheme enablers,Otra,68ac5a19746f4e480f1af202_5,68ac5a19746f4e480f1af202,CORP,2025-Q3,foco workshop acquiring genova,68ac5a19746f4e480f1af202_5,68ac5a19746f4e480f1af202.json
,scheme enablers vuelve marti el miercoles sale cami el miercoles,mejora continua y scheme enablers,Otra,68ac5a19746f4e480f1af202_4,68ac5a19746f4e480f1af202,MLU,2025-Q3,licencias dac / mlu  + continuar organizacion de repositario se,68ac5a19746f4e480f1af202_4,68ac5a19746f4e480f1af202.json
,,mejora continua y scheme enablers,Otra,68ac5a19746f4e480f1af202_3,68ac5a19746f4e480f1af202,MLB,2025-Q3,foco bs brasil + deck cubo,68ac5a19746f4e480f1af202_3,68ac5a19746f4e480f1af202.json
,,mejora continua y scheme enablers,Otra,68ac5a19746f4e480f1af202_1,68ac5a19746f4e480f1af202,MLM,2025-Q3,presentacion fees cards / seguimiento controles (mlm) + risk (enviar) + impacto nuevos precios  mlb,68ac5a19746f4e480f1af202_1,68ac5a19746f4e480f1af202.json
,,mejora continua y scheme enablers,Otra,68ac5a19746f4e480f1af202_2,68ac5a19746f4e480f1af202,CORP,2025-Q3,plan 2026 genova v1 + deck workshop acquiring genova,68ac5a19746f4e480f1af202_2,68ac5a19746f4e480f1af202.json
,planning mejora continua,mejora continua y scheme enablers,Visa,68b36b0b4e24eed4af1b4381_3,68b36b0b4e24eed4af1b4381,MLB,2025-Q3,nuevos casos de big seller brasil visa university,68b36b0b4e24eed4af1b4381_3,68b36b0b4e24eed4af1b4381.json
,scheme enablers,mejora continua y scheme enablers,Elo,68b36b0b4e24eed4af1b4381_5,68b36b0b4e24eed4af1b4381,CORP,2025-Q3,licencing fu garantia elo,68b36b0b4e24eed4af1b4381_5,68b36b0b4e24eed4af1b4381.json
,scheme enablers,mejora continua y scheme enablers,Visa,68b36b0b4e24eed4af1b4381_8,68b36b0b4e24eed4af1b4381,CORP,2025-Q3,novedades de bandera julio visa automatización proceso de reporting trimestral,68b36b0b4e24eed4af1b4381_8,68b36b0b4e24eed4af1b4381.json
,planning mejora continua,mejora continua y scheme enablers,Otra,68b36b0b4e24eed4af1b4381_2,68b36b0b4e24eed4af1b4381,CORP,2025-Q3,cierre genova agosto 2025,68b36b0b4e24eed4af1b4381_2,68b36b0b4e24eed4af1b4381.json
,planning mejora continua,mejora continua y scheme enablers,Otra,68b36b0b4e24eed4af1b4381_1,68b36b0b4e24eed4af1b4381,CORP,2025-Q3,presentación fees cards fees de bandera agosto 2025,68b36b0b4e24eed4af1b4381_1,68b36b0b4e24eed4af1b4381.json
,scheme enablers,mejora continua y scheme enablers,Mastercard,68b36b0b4e24eed4af1b4381_7,68b36b0b4e24eed4af1b4381,CORP,2025-Q3,novedades de bandera julio mc,68b36b0b4e24eed4af1b4381_7,68b36b0b4e24eed4af1b4381.json
,scheme enablers,mejora continua y scheme enablers,Mastercard,68b36b0b4e24eed4af1b4381_4,68b36b0b4e24eed4af1b4381,MLU,2025-Q3,data quality mc mensajería carrito licencing fu garantia elo fu asignación cid ica bines prepaid mlu novedades de bandera julio mc,68b36b0b4e24eed4af1b4381_4,68b36b0b4e24eed4af1b4381.json
,scheme enablers,mejora continua y scheme enablers,Otra,68b36b0b4e24eed4af1b4381_6,68b36b0b4e24eed4af1b4381,MLU,2025-Q3,fu asignación cid ica bines prepaid mlu,68b36b0b4e24eed4af1b4381_6,68b36b0b4e24eed4af1b4381.json
,scheme enablers,mejora continua y scheme enablers,Elo,68be40bea2293068ea796661_5,68be40bea2293068ea796661,CORP,2025-Q3,garantía elo + review mandates issuing,68be40bea2293068ea796661_5,68be40bea2293068ea796661.json
,planning y mejora continua,mejora continua y scheme enablers,Otra,68be40bea2293068ea796661_3,68be40bea2293068ea796661,MLM,2025-Q3,comunicación cambio cubo y puesta en marcha + competitividad mlm,68be40bea2293068ea796661_3,68be40bea2293068ea796661.json
,scheme enablers,mejora continua y scheme enablers,Otra,68be40bea2293068ea796661_6,68be40bea2293068ea796661,CORP,2025-Q3,optimización de procesos + review mandates issuing,68be40bea2293068ea796661_6,68be40bea2293068ea796661.json
,scheme enablers,mejora continua y scheme enablers,Otra,68be40bea2293068ea796661_8,68be40bea2293068ea796661,CORP,2025-Q3,on-us fintech services retreat,68be40bea2293068ea796661_8,68be40bea2293068ea796661.json
,scheme enablers,mejora continua y scheme enablers,Otra,68be40bea2293068ea796661_7,68be40bea2293068ea796661,CORP,2025-Q3,automatización de reporting bandera,68be40bea2293068ea796661_7,68be40bea2293068ea796661.json
,planning y mejora continua,mejora continua y scheme enablers,Otra,68be40bea2293068ea796661_1,68be40bea2293068ea796661,CORP,2025-Q3,reporte resultados fee de bandera + controles no transaccionales,68be40bea2293068ea796661_1,68be40bea2293068ea796661.json
,planning y mejora continua,mejora continua y scheme enablers,Otra,68be40bea2293068ea796661_2,68be40bea2293068ea796661,CORP,2025-Q3,cierre resultados genova ago-25 + deck presentación de resultados,68be40bea2293068ea796661_2,68be40bea2293068ea796661.json
,scheme enablers,mejora continua y scheme enablers,Visa,68be40bea2293068ea796661_4,68be40bea2293068ea796661,MLU,2025-Q3,cid/ica y bines en mlu + parent guarantee mly y mco  + cierre compliance case visa sdwo mlb,68be40bea2293068ea796661_4,68be40bea2293068ea796661.json
,scheme enablers,mejora continua y scheme enablers,otra,68c7897ffc416397c737996b_16,68c7897ffc416397c737996b,corp,2025-Q3,ia agente para casos de compliance,68c7897ffc416397c737996b_16,68c7897ffc416397c737996b.json
,scheme enablers,mejora continua y scheme enablers,otra,68c7897ffc416397c737996b_19,68c7897ffc416397c737996b,mlb,2025-Q3,rev internacional,68c7897ffc416397c737996b_19,68c7897ffc416397c737996b.json
,scheme enablers,mejora continua y scheme enablers,mastercard,68c7897ffc416397c737996b_15,68c7897ffc416397c737996b,corp,2025-Q3,match reunión con mc,68c7897ffc416397c737996b_15,68c7897ffc416397c737996b.json
,scheme enablers,mejora continua y scheme enablers,otra,68c7897ffc416397c737996b_18,68c7897ffc416397c737996b,corp,2025-Q3,entrevistas reemplazo cami,68c7897ffc416397c737996b_18,68c7897ffc416397c737996b.json
,scheme enablers,mejora continua y scheme enablers,otra,68c7897ffc416397c737996b_12,68c7897ffc416397c737996b,corp,2025-Q3,automatización reporting acquiring con anto,68c7897ffc416397c737996b_12,68c7897ffc416397c737996b.json
,scheme enablers,mejora continua y scheme enablers,otra,68c7897ffc416397c737996b_14,68c7897ffc416397c737996b,corp,2025-Q3,monthly deck se agosto,68c7897ffc416397c737996b_14,68c7897ffc416397c737996b.json
,scheme enablers,mejora continua y scheme enablers,otra,68c7897ffc416397c737996b_17,68c7897ffc416397c737996b,corp,2025-Q3,monthly deck se agosto,68c7897ffc416397c737996b_17,68c7897ffc416397c737996b.json
,scheme enablers,mejora continua y scheme enablers,otra,68c7897ffc416397c737996b_13,68c7897ffc416397c737996b,corp,2025-Q3,optimización de repositorio se,68c7897ffc416397c737996b_13,68c7897ffc416397c737996b.json
,,mejora continua y scheme enablers,mastercard,68d0a999e8eeaa73827e4b1b_5,68d0a999e8eeaa73827e4b1b,corp,2025-Q3,cerrar archivo madre mastercard reporting acquiring  repositario de compliance cases,68d0a999e8eeaa73827e4b1b_5,68d0a999e8eeaa73827e4b1b.json
,,mejora continua y scheme enablers,otra,68d0a999e8eeaa73827e4b1b_6,68d0a999e8eeaa73827e4b1b,mla,2025-Q3,gambling mla regularización registros sellers  alineamiento estrategia hipodromo de palermo  definición nuevo flujo novedades de bandera issuer br handover tareas cami,68d0a999e8eeaa73827e4b1b_6,68d0a999e8eeaa73827e4b1b.json
,,mejora continua y scheme enablers,Otra,68da13bcc94e2a293e2b54bc_5,68da13bcc94e2a293e2b54bc,MLA,2025-Q3,acompañar a santi en track de estimación de on-us coelsa mla y definir controles faltantes cards,68da13bcc94e2a293e2b54bc_5,68da13bcc94e2a293e2b54bc.json
,,mejora continua y scheme enablers,Otra,68da13bcc94e2a293e2b54bc_4,68da13bcc94e2a293e2b54bc,CORP,2025-Q3,novedades de bandera agosto+ reporting q3: finalizar la automatización de reportes junto con anto,68da13bcc94e2a293e2b54bc_4,68da13bcc94e2a293e2b54bc.json
,,mejora continua y scheme enablers,Otra,68da13bcc94e2a293e2b54bc_1,68da13bcc94e2a293e2b54bc,CORP,2025-Q3,track multas regionales + integración facturas de banderas a looker,68da13bcc94e2a293e2b54bc_1,68da13bcc94e2a293e2b54bc.json
,,mejora continua y scheme enablers,Otra,68da13bcc94e2a293e2b54bc_2,68da13bcc94e2a293e2b54bc,MLB,2025-Q3,cierre genova sept 2025 qbr + reportes scheme enablers + competitivdad mlb,68da13bcc94e2a293e2b54bc_2,68da13bcc94e2a293e2b54bc.json
,,mejora continua y scheme enablers,Otra,68da13bcc94e2a293e2b54bc_3,68da13bcc94e2a293e2b54bc,MLB,2025-Q3,alinear salida a prod cubo + sync mlb + fees colombia,68da13bcc94e2a293e2b54bc_3,68da13bcc94e2a293e2b54bc.json
,planning,mejora continua y scheme enablers,Otra,68e14cf2f6b85cc29af2e7ea_3,68e14cf2f6b85cc29af2e7ea,MLA,2025-Q4,smart routing MLA y MLM: apertura de fees,68e14cf2f6b85cc29af2e7ea_3,68e14cf2f6b85cc29af2e7ea.json
,planning,mejora continua y scheme enablers,Otra,68e14cf2f6b85cc29af2e7ea_8,68e14cf2f6b85cc29af2e7ea,CORP,2025-Q4,reporting: finalizar automatización con anto y ejecutar presentación de reportes,68e14cf2f6b85cc29af2e7ea_8,68e14cf2f6b85cc29af2e7ea.json
,planning,mejora continua y scheme enablers,Otra,68e14cf2f6b85cc29af2e7ea_5,68e14cf2f6b85cc29af2e7ea,MLM,2025-Q4,competitividad MLM (incluyendo data prosa),68e14cf2f6b85cc29af2e7ea_5,68e14cf2f6b85cc29af2e7ea.json
,planning,mejora continua y scheme enablers,Visa,68e14cf2f6b85cc29af2e7ea_6,68e14cf2f6b85cc29af2e7ea,MLA,2025-Q4,compliance case rapipago – pago fácil MLA: ejecutar accionables (migrar flujo a prisma + compartir info + reclamo comercial a visa por multa aplicada (usd 35k)),68e14cf2f6b85cc29af2e7ea_6,68e14cf2f6b85cc29af2e7ea.json
,planning,mejora continua y scheme enablers,Otra,68e14cf2f6b85cc29af2e7ea_4,68e14cf2f6b85cc29af2e7ea,MLB,2025-Q4,MLB: revisar cotizaciones de big sellers (pedido de paty),68e14cf2f6b85cc29af2e7ea_4,68e14cf2f6b85cc29af2e7ea.json
,planning,mejora continua y scheme enablers,Otra,68e14cf2f6b85cc29af2e7ea_7,68e14cf2f6b85cc29af2e7ea,MLB,2025-Q4,mcc miscoding MLB: alinear con el site de defensa para reclamar multa aplicada (r$520k),68e14cf2f6b85cc29af2e7ea_7,68e14cf2f6b85cc29af2e7ea.json
,planning,mejora continua y scheme enablers,Visa,68e14cf2f6b85cc29af2e7ea_1,68e14cf2f6b85cc29af2e7ea,MLA,2025-Q4,fee de bandera sept-25 + continuación omparativa costos MLA Visa vs. Mastercard + calculo de impacto regional mandate de 10pbs para settlement internacional en moneda extranjera,68e14cf2f6b85cc29af2e7ea_1,68e14cf2f6b85cc29af2e7ea.json
,planning,mejora continua y scheme enablers,Otra,68e14cf2f6b85cc29af2e7ea_2,68e14cf2f6b85cc29af2e7ea,CORP,2025-Q4,cierre genova sept 2025 + continuar reportes scheme enablers,68e14cf2f6b85cc29af2e7ea_2,68e14cf2f6b85cc29af2e7ea.json
,,mejora continua y scheme enablers,Otra,68ea8f23a6c91be2cb062237_5,68ea8f23a6c91be2cb062237,CORP,2025-Q4,estimación de costos de devolución cards + génova  + qbr marcos + one pager pelito???,68ea8f23a6c91be2cb062237_5,68ea8f23a6c91be2cb062237.json
,,mejora continua y scheme enablers,Otra,68ea8f23a6c91be2cb062237_4,68ea8f23a6c91be2cb062237,CORP,2025-Q4,alineamiento nuevo fee de 10 bps al settlement int. + mapeo de cobros indebidos por parte de marcas a nivel cross (@camilaprandi ) + validación final de reportes trimestrales (@antonelamutti1 ) + análisis nuevas notificaciones de prosa,68ea8f23a6c91be2cb062237_4,68ea8f23a6c91be2cb062237.json
,,mejora continua y scheme enablers,Otra,68ea8f23a6c91be2cb062237_3,68ea8f23a6c91be2cb062237,MLB,2025-Q4,cerrar análisis casos de big sellers mlb + finalizar competitividad mexico (con prosa) +deck para reu con brasil cambios al cubo,68ea8f23a6c91be2cb062237_3,68ea8f23a6c91be2cb062237.json
,,mejora continua y scheme enablers,Otra,68ea8f23a6c91be2cb062237_1,68ea8f23a6c91be2cb062237,CORP,2025-Q4,presentación fee bandera sept-25 + looker fee de bandera,68ea8f23a6c91be2cb062237_1,68ea8f23a6c91be2cb062237.json
,,mejora continua y scheme enablers,Otra,68ea8f23a6c91be2cb062237_2,68ea8f23a6c91be2cb062237,CORP,2025-Q4,cierre genova y qbr + reporte scheme enablers,68ea8f23a6c91be2cb062237_2,68ea8f23a6c91be2cb062237.json
,,mejora continua y scheme enablers,Otra,68fd117f353b04101289a6b9_6,68fd117f353b04101289a6b9,CORP,2025-Q4,onboarding + shadowing a martu / mesas scheme enablers,68fd117f353b04101289a6b9_6,68fd117f353b04101289a6b9.json
,,mejora continua y scheme enablers,Elo,68fd117f353b04101289a6b9_2,68fd117f353b04101289a6b9,MLA,2025-Q4,análisis de competitividad génova argentina + diseño de seguimiento resultados elo,68fd117f353b04101289a6b9_2,68fd117f353b04101289a6b9.json
,,mejora continua y scheme enablers,Otra,68fd117f353b04101289a6b9_7,68fd117f353b04101289a6b9,CORP,2025-Q4,headcount ti génova,68fd117f353b04101289a6b9_7,68fd117f353b04101289a6b9.json
,,mejora continua y scheme enablers,Otra,68fd117f353b04101289a6b9_1,68fd117f353b04101289a6b9,CORP,2025-Q4,semana 2 del programa jedi (looker facturas) + análisis de oportunidades en refunds on-us,68fd117f353b04101289a6b9_1,68fd117f353b04101289a6b9.json
,,mejora continua y scheme enablers,Mastercard,68fd117f353b04101289a6b9_5,68fd117f353b04101289a6b9,CORP,2025-Q4,encarar el reclamo general a mastercard + diseño collateral master + shadowing sofi,68fd117f353b04101289a6b9_5,68fd117f353b04101289a6b9.json
,,mejora continua y scheme enablers,Mastercard,68fd117f353b04101289a6b9_3,68fd117f353b04101289a6b9,CORP,2025-Q4,cerrar deck de fees 2025 master,68fd117f353b04101289a6b9_3,68fd117f353b04101289a6b9.json
,,mejora continua y scheme enablers,Elo,68fd117f353b04101289a6b9_4,68fd117f353b04101289a6b9,MLB,2025-Q4,iniciativas brasil (relacionadas a paymets disparadas por el cubo): mapeo de maestro y wallet correcto + diseño control fee elo,68fd117f353b04101289a6b9_4,68fd117f353b04101289a6b9.json
,,mejora continua y scheme enablers,Mastercard,6907825d9ca67497c0c1c7e7_15,6907825d9ca67497c0c1c7e7,CORP,2025-Q4,apoyo en track de carta / reclamo a master,6907825d9ca67497c0c1c7e7_15,6907825d9ca67497c0c1c7e7.json
,,mejora continua y scheme enablers,Otra,6907825d9ca67497c0c1c7e7_14,6907825d9ca67497c0c1c7e7,CORP,2025-Q4,continuar onboarding,6907825d9ca67497c0c1c7e7_14,6907825d9ca67497c0c1c7e7.json
,,mejora continua y scheme enablers,Otra,6907825d9ca67497c0c1c7e7_13,6907825d9ca67497c0c1c7e7,CORP,2025-Q4,deck novedades de bandera octubre,6907825d9ca67497c0c1c7e7_13,6907825d9ca67497c0c1c7e7.json
,,mejora continua y scheme enablers,Mastercard,6907825d9ca67497c0c1c7e7_11,6907825d9ca67497c0c1c7e7,CORP,2025-Q4,cambios mcc camara master (imp: usd20-30k anual),6907825d9ca67497c0c1c7e7_11,6907825d9ca67497c0c1c7e7.json
,,mejora continua y scheme enablers,Otra,6907825d9ca67497c0c1c7e7_1,6907825d9ca67497c0c1c7e7,CORP,2025-Q4,fees de bandera genova y cards - oct-25,6907825d9ca67497c0c1c7e7_1,6907825d9ca67497c0c1c7e7.json
,,mejora continua y scheme enablers,Otra,6907825d9ca67497c0c1c7e7_10,6907825d9ca67497c0c1c7e7,MLB,2025-Q4,trabajar con edu mlb cambios en los sims de pricing,6907825d9ca67497c0c1c7e7_10,6907825d9ca67497c0c1c7e7.json
,,mejora continua y scheme enablers,Otra,6907825d9ca67497c0c1c7e7_16,6907825d9ca67497c0c1c7e7,CORP,2025-Q4,slides tradeoff acquiring,6907825d9ca67497c0c1c7e7_16,6907825d9ca67497c0c1c7e7.json
,,mejora continua y scheme enablers,Mastercard,6907825d9ca67497c0c1c7e7_17,6907825d9ca67497c0c1c7e7,CORP,2025-Q4,armar propuesta collateral mastercard,6907825d9ca67497c0c1c7e7_17,6907825d9ca67497c0c1c7e7.json
,,mejora continua y scheme enablers,Mastercard,6907825d9ca67497c0c1c7e7_12,6907825d9ca67497c0c1c7e7,CORP,2025-Q4,cerrar carta reclamo formal a mastercard,6907825d9ca67497c0c1c7e7_12,6907825d9ca67497c0c1c7e7.json
,,mejora continua y scheme enablers,Visa,6907825d9ca67497c0c1c7e7_4,6907825d9ca67497c0c1c7e7,MLA,2025-Q4,mandate visa farmacias mla (high risk),6907825d9ca67497c0c1c7e7_4,6907825d9ca67497c0c1c7e7.json
,,mejora continua y scheme enablers,Mastercard,6907825d9ca67497c0c1c7e7_8,6907825d9ca67497c0c1c7e7,MLB,2025-Q4,track maestro brasil,6907825d9ca67497c0c1c7e7_8,6907825d9ca67497c0c1c7e7.json
,,mejora continua y scheme enablers,Mastercard,6907825d9ca67497c0c1c7e7_3,6907825d9ca67497c0c1c7e7,CORP,2025-Q4,apoyo en armado de carta reclamo hacia master junto con se,6907825d9ca67497c0c1c7e7_3,6907825d9ca67497c0c1c7e7.json
,,mejora continua y scheme enablers,Otra,6907825d9ca67497c0c1c7e7_6,6907825d9ca67497c0c1c7e7,CORP,2025-Q4,plan genova 2026,6907825d9ca67497c0c1c7e7_6,6907825d9ca67497c0c1c7e7.json
,,mejora continua y scheme enablers,Mastercard,6907825d9ca67497c0c1c7e7_2,6907825d9ca67497c0c1c7e7,CORP,2025-Q4,seguimiendo casos abiertos master,6907825d9ca67497c0c1c7e7_2,6907825d9ca67497c0c1c7e7.json
,,mejora continua y scheme enablers,Otra,6907825d9ca67497c0c1c7e7_9,6907825d9ca67497c0c1c7e7,CORP,2025-Q4,monitoreo cambios cubo,6907825d9ca67497c0c1c7e7_9,6907825d9ca67497c0c1c7e7.json
,,mejora continua y scheme enablers,Mastercard,6907825d9ca67497c0c1c7e7_7,6907825d9ca67497c0c1c7e7,CORP,2025-Q4,estimar fees mastercard 2026,6907825d9ca67497c0c1c7e7_7,6907825d9ca67497c0c1c7e7.json
,,mejora continua y scheme enablers,Mastercard,690fa334d8b99b0c633e03f9_9,690fa334d8b99b0c633e03f9,MLB,2025-Q4,continuar con track de maestro mlb,690fa334d8b99b0c633e03f9_9,690fa334d8b99b0c633e03f9.json
,,mejora continua y scheme enablers,Otra,690fa334d8b99b0c633e03f9_6,690fa334d8b99b0c633e03f9,CORP,2025-Q4,cierre resultados genova 2026,690fa334d8b99b0c633e03f9_6,690fa334d8b99b0c633e03f9.json
,,mejora continua y scheme enablers,Otra,690fa334d8b99b0c633e03f9_11,690fa334d8b99b0c633e03f9,CORP,2025-Q4,decks novedades de bandera,690fa334d8b99b0c633e03f9_11,690fa334d8b99b0c633e03f9.json
,,mejora continua y scheme enablers,Otra,690fa334d8b99b0c633e03f9_12,690fa334d8b99b0c633e03f9,CORP,2025-Q4,monthly update octubre,690fa334d8b99b0c633e03f9_12,690fa334d8b99b0c633e03f9.json
,,mejora continua y scheme enablers,Otra,690fa334d8b99b0c633e03f9_3,690fa334d8b99b0c633e03f9,CORP,2025-Q4,gestión fees de bandera,690fa334d8b99b0c633e03f9_3,690fa334d8b99b0c633e03f9.json
,,mejora continua y scheme enablers,Otra,690fa334d8b99b0c633e03f9_7,690fa334d8b99b0c633e03f9,CORP,2025-Q4,presentación resultados y monthly,690fa334d8b99b0c633e03f9_7,690fa334d8b99b0c633e03f9.json
,,mejora continua y scheme enablers,Otra,690fa334d8b99b0c633e03f9_4,690fa334d8b99b0c633e03f9,CORP,2025-Q4,continuar looker scheme fees,690fa334d8b99b0c633e03f9_4,690fa334d8b99b0c633e03f9.json
,,mejora continua y scheme enablers,Otra,690fa334d8b99b0c633e03f9_15,690fa334d8b99b0c633e03f9,CORP,2025-Q4,armado del deck novedades con martu,690fa334d8b99b0c633e03f9_15,690fa334d8b99b0c633e03f9.json
,,mejora continua y scheme enablers,Mastercard,690fa334d8b99b0c633e03f9_10,690fa334d8b99b0c633e03f9,MLM,2025-Q4,competitividad mexico hacer push para cambios de mcc en switch master,690fa334d8b99b0c633e03f9_10,690fa334d8b99b0c633e03f9.json
,,mejora continua y scheme enablers,Otra,690fa334d8b99b0c633e03f9_2,690fa334d8b99b0c633e03f9,CORP,2025-Q4,controles no transaccionales,690fa334d8b99b0c633e03f9_2,690fa334d8b99b0c633e03f9.json
,,mejora continua y scheme enablers,Otra,690fa334d8b99b0c633e03f9_18,690fa334d8b99b0c633e03f9,CORP,2025-Q4,continuar onboarding,690fa334d8b99b0c633e03f9_18,690fa334d8b99b0c633e03f9.json
,,mejora continua y scheme enablers,Otra,690fa334d8b99b0c633e03f9_14,690fa334d8b99b0c633e03f9,MLA,2025-Q4,soft descriptors mla apoyo r c en respuesta a bcra,690fa334d8b99b0c633e03f9_14,690fa334d8b99b0c633e03f9.json
,,mejora continua y scheme enablers,Otra,690fa334d8b99b0c633e03f9_1,690fa334d8b99b0c633e03f9,CORP,2025-Q4,cierre y reporte de fees de bandera octubre,690fa334d8b99b0c633e03f9_1,690fa334d8b99b0c633e03f9.json
,,mejora continua y scheme enablers,Otra,690fa334d8b99b0c633e03f9_13,690fa334d8b99b0c633e03f9,MLM,2025-Q4,análisis cambios normativos méxico,690fa334d8b99b0c633e03f9_13,690fa334d8b99b0c633e03f9.json
,,mejora continua y scheme enablers,Otra,690fa334d8b99b0c633e03f9_16,690fa334d8b99b0c633e03f9,CORP,2025-Q4,apoyo respuesta a la consulta del bcra,690fa334d8b99b0c633e03f9_16,690fa334d8b99b0c633e03f9.json
,,mejora continua y scheme enablers,Otra,690fa334d8b99b0c633e03f9_5,690fa334d8b99b0c633e03f9,CORP,2025-Q4,plan genova 2026,690fa334d8b99b0c633e03f9_5,690fa334d8b99b0c633e03f9.json
,,mejora continua y scheme enablers,Otra,690fa334d8b99b0c633e03f9_19,690fa334d8b99b0c633e03f9,CORP,2025-Q4,actualización hc genova ti en caso de existir,690fa334d8b99b0c633e03f9_19,690fa334d8b99b0c633e03f9.json
,,mejora continua y scheme enablers,Otra,690fa334d8b99b0c633e03f9_8,690fa334d8b99b0c633e03f9,CORP,2025-Q4,actualización de fees de genova en cubo y seguimiento de cierre oct,690fa334d8b99b0c633e03f9_8,690fa334d8b99b0c633e03f9.json
,,mejora continua y scheme enablers,Otra,690fa334d8b99b0c633e03f9_17,690fa334d8b99b0c633e03f9,CORP,2025-Q4,mapeo de reclamos y devoluciones con cami,690fa334d8b99b0c633e03f9_17,690fa334d8b99b0c633e03f9.json
,,mejora continua y scheme enablers,Otra,690fa334d8b99b0c633e03f9_20,690fa334d8b99b0c633e03f9,CORP,2025-Q4,workshop interno equipo eficiencia,690fa334d8b99b0c633e03f9_20,690fa334d8b99b0c633e03f9.json
,,mejora continua y scheme enablers,Mastercard,691898e3e3aec69e1f869733_2,691898e3e3aec69e1f869733,MLA,2025-Q4,cerrar deep dive maestro mla + plan 2026 génova,691898e3e3aec69e1f869733_2,691898e3e3aec69e1f869733.json
,,mejora continua y scheme enablers,Otra,691898e3e3aec69e1f869733_5,691898e3e3aec69e1f869733,CORP,2025-Q4,terminar la identificación de campos pf exigidos por las banderas + continuar con la segunda parte del onboarding (foco tracks scheme enablers),691898e3e3aec69e1f869733_5,691898e3e3aec69e1f869733.json
,,mejora continua y scheme enablers,Mastercard,691898e3e3aec69e1f869733_3,691898e3e3aec69e1f869733,MLB,2025-Q4,seguimiento de track maestro mlb + simuladores de pricing y net mdr + competitividad mlm + dejarle todos mis tracks a alvi,691898e3e3aec69e1f869733_3,691898e3e3aec69e1f869733.json
,,mejora continua y scheme enablers,Otra,691898e3e3aec69e1f869733_1,691898e3e3aec69e1f869733,CORP,2025-Q4,presentación fees de bandera génova & cards - octubre 2025 + seguir automatización looker,691898e3e3aec69e1f869733_1,691898e3e3aec69e1f869733.json
,,mejora continua y scheme enablers,Otra,691898e3e3aec69e1f869733_6,691898e3e3aec69e1f869733,CORP,2025-Q4,tomar tracks noe,691898e3e3aec69e1f869733_6,691898e3e3aec69e1f869733.json
,,mejora continua y scheme enablers,Otra,691898e3e3aec69e1f869733_4,691898e3e3aec69e1f869733,CORP,2025-Q4,mapeo campos mensajería payfac exigidos por banderas (pedido buchu) + cerrar monthly deck octubre + collateral master,691898e3e3aec69e1f869733_4,691898e3e3aec69e1f869733.json
,,mejora continua y scheme enablers,Otra,69246f66755a4d7e7c2a212e_5,69246f66755a4d7e7c2a212e,MLB,2025-Q4,onus mlb actualización impacto con cams tracks noe cubo simulador mlb,69246f66755a4d7e7c2a212e_5,69246f66755a4d7e7c2a212e.json
,,mejora continua y scheme enablers,Otra,69246f66755a4d7e7c2a212e_1,69246f66755a4d7e7c2a212e,MLB,2025-Q4,gestiones bandera por reclamos abiertos icas emisión proyecto maestro para optout de reportes continuar desarrollo de looker estimación onus mlb 14pbs,69246f66755a4d7e7c2a212e_1,69246f66755a4d7e7c2a212e.json
,,mejora continua y scheme enablers,"Elo, Mastercard",69246f66755a4d7e7c2a212e_3,69246f66755a4d7e7c2a212e,CORP,2025-Q4,cerrar garantías elo y mastercard clara financiera,69246f66755a4d7e7c2a212e_3,69246f66755a4d7e7c2a212e.json
,,mejora continua y scheme enablers,Otra,69246f66755a4d7e7c2a212e_4,69246f66755a4d7e7c2a212e,CORP,2025-Q4,rules bnpl tarjeta prepaga gestión de consultas,69246f66755a4d7e7c2a212e_4,69246f66755a4d7e7c2a212e.json
,,mejora continua y scheme enablers,Otra,69246f66755a4d7e7c2a212e_2,69246f66755a4d7e7c2a212e,CORP,2025-Q4,plan genova 2026 revisión resultados oct25 clara financiera,69246f66755a4d7e7c2a212e_2,69246f66755a4d7e7c2a212e.json
,mc planning scheme,mejora continua y scheme enablers,Otra,692cec79d110a5209281f7be_3,692cec79d110a5209281f7be,CORP,2025-Q4,grupi verdi,692cec79d110a5209281f7be_3,692cec79d110a5209281f7be.json
,mc planning scheme,mejora continua y scheme enablers,Otra,692cec79d110a5209281f7be_14,692cec79d110a5209281f7be,MLB,2025-Q4,control col fee mlb con pricing y finops,692cec79d110a5209281f7be_14,692cec79d110a5209281f7be.json
,mc planning scheme,mejora continua y scheme enablers,Otra,692cec79d110a5209281f7be_7,692cec79d110a5209281f7be,MLB,2025-Q4,approval mlb,692cec79d110a5209281f7be_7,692cec79d110a5209281f7be.json
,mc planning scheme,mejora continua y scheme enablers,Otra,692cec79d110a5209281f7be_5,692cec79d110a5209281f7be,CORP,2025-Q4,resultados genova nov 2025,692cec79d110a5209281f7be_5,692cec79d110a5209281f7be.json
,mc planning scheme,mejora continua y scheme enablers,Otra,692cec79d110a5209281f7be_8,692cec79d110a5209281f7be,CORP,2025-Q4,continuar gestión completa de consultas,692cec79d110a5209281f7be_8,692cec79d110a5209281f7be.json
,mc planning scheme,mejora continua y scheme enablers,Otra,692cec79d110a5209281f7be_1,692cec79d110a5209281f7be,CORP,2025-Q4,fees de bandera genova & cards - nov 2025,692cec79d110a5209281f7be_1,692cec79d110a5209281f7be.json
,mc planning scheme,mejora continua y scheme enablers,Visa,692cec79d110a5209281f7be_15,692cec79d110a5209281f7be,CORP,2025-Q4,cerrar estimación fees visa 2025 con mp,692cec79d110a5209281f7be_15,692cec79d110a5209281f7be.json
,mc planning scheme,mejora continua y scheme enablers,Otra,692cec79d110a5209281f7be_6,692cec79d110a5209281f7be,CORP,2025-Q4,plan genova 2026,692cec79d110a5209281f7be_6,692cec79d110a5209281f7be.json
,mc planning scheme,mejora continua y scheme enablers,Otra,692cec79d110a5209281f7be_10,692cec79d110a5209281f7be,CORP,2025-Q4,deck novedades de bandera noviembre,692cec79d110a5209281f7be_10,692cec79d110a5209281f7be.json
,mc planning scheme,mejora continua y scheme enablers,Otra,692cec79d110a5209281f7be_12,692cec79d110a5209281f7be,CORP,2025-Q4,collateral master stand by,692cec79d110a5209281f7be_12,692cec79d110a5209281f7be.json
,mc planning scheme,mejora continua y scheme enablers,Otra,692cec79d110a5209281f7be_11,692cec79d110a5209281f7be,CORP,2025-Q4,apoyo en asistente gemini sofi,692cec79d110a5209281f7be_11,692cec79d110a5209281f7be.json
,mc planning scheme,mejora continua y scheme enablers,Otra,692cec79d110a5209281f7be_9,692cec79d110a5209281f7be,CORP,2025-Q4,diseñar asistente gemini para automatizar deck de novedades de banderas,692cec79d110a5209281f7be_9,692cec79d110a5209281f7be.json
,mc planning scheme,mejora continua y scheme enablers,Otra,692cec79d110a5209281f7be_2,692cec79d110a5209281f7be,CORP,2025-Q4,looker scheme fees,692cec79d110a5209281f7be_2,692cec79d110a5209281f7be.json
,mc planning scheme,mejora continua y scheme enablers,Visa,692cec79d110a5209281f7be_4,692cec79d110a5209281f7be,MLM,2025-Q4,foco facturas visa mlm,692cec79d110a5209281f7be_4,692cec79d110a5209281f7be.json
,mc planning scheme,mejora continua y scheme enablers,Otra,692cec79d110a5209281f7be_13,692cec79d110a5209281f7be,MLB,2025-Q4,cerrar aft on us mlb,692cec79d110a5209281f7be_13,692cec79d110a5209281f7be.json
,cami y alvi ooo,mejora continua y scheme enablers,Otra,69381a5d0ed89c8136ca5093_4,69381a5d0ed89c8136ca5093,CORP,2025-Q4,monthly deck noviembre review mandates issuing back testing asistente gemini,69381a5d0ed89c8136ca5093_4,69381a5d0ed89c8136ca5093.json
,cami y alvi ooo,mejora continua y scheme enablers,Visa,69381a5d0ed89c8136ca5093_5,69381a5d0ed89c8136ca5093,MCO,2025-Q4,continuar consultas generales soporte cross continuar diseño asistente de gemini cerrar contrato de visa para colombia,69381a5d0ed89c8136ca5093_5,69381a5d0ed89c8136ca5093.json
,cami y alvi ooo,mejora continua y scheme enablers,Otra,69381a5d0ed89c8136ca5093_3,69381a5d0ed89c8136ca5093,CORP,2025-Q4,catch up de temas actualizar fees de genova para cubo de noviembre,69381a5d0ed89c8136ca5093_3,69381a5d0ed89c8136ca5093.json
win scheme enablers,cami y alvi ooo,mejora continua y scheme enablers,Elo,69381a5d0ed89c8136ca5093_1,69381a5d0ed89c8136ca5093,CORP,2025-Q4,firmamos la carta fianza de elo lo cual nos permite dar por concluido el track de licencing,69381a5d0ed89c8136ca5093_1,69381a5d0ed89c8136ca5093.json
,cami y alvi ooo,mejora continua y scheme enablers,Otra,69381a5d0ed89c8136ca5093_2,69381a5d0ed89c8136ca5093,MLB,2025-Q4,resultados genova noviembre 2025 plan genova 2026 seguimiento approval mlb,69381a5d0ed89c8136ca5093_2,69381a5d0ed89c8136ca5093.json
,,mejora continua y scheme enablers,Visa,693f2d9e675c6850ebee5e49_11,693f2d9e675c6850ebee5e49,CORP,2025-Q4,notificación virp visa por seller que vende productos falsificados,693f2d9e675c6850ebee5e49_11,693f2d9e675c6850ebee5e49.json
,,mejora continua y scheme enablers,Otra,693f2d9e675c6850ebee5e49_8,693f2d9e675c6850ebee5e49,CORP,2025-Q4,comenzar a trabajar track de multas de banderas (seguimiento y asegurar que hayan accionables),693f2d9e675c6850ebee5e49_8,693f2d9e675c6850ebee5e49.json
,,mejora continua y scheme enablers,Otra,693f2d9e675c6850ebee5e49_13,693f2d9e675c6850ebee5e49,MLC,2025-Q4,check mlc farmacias,693f2d9e675c6850ebee5e49_13,693f2d9e675c6850ebee5e49.json
,,mejora continua y scheme enablers,American Express,693f2d9e675c6850ebee5e49_3,693f2d9e675c6850ebee5e49,CORP,2025-Q4,miscoding mcc amex,693f2d9e675c6850ebee5e49_3,693f2d9e675c6850ebee5e49.json
,,mejora continua y scheme enablers,Otra,693f2d9e675c6850ebee5e49_4,693f2d9e675c6850ebee5e49,CORP,2025-Q4,presentacion resultados genova,693f2d9e675c6850ebee5e49_4,693f2d9e675c6850ebee5e49.json
,,mejora continua y scheme enablers,Otra,693f2d9e675c6850ebee5e49_14,693f2d9e675c6850ebee5e49,CORP,2025-Q4,continuar con el asistente gemini,693f2d9e675c6850ebee5e49_14,693f2d9e675c6850ebee5e49.json
,,mejora continua y scheme enablers,Otra,693f2d9e675c6850ebee5e49_5,693f2d9e675c6850ebee5e49,CORP,2025-Q4,plan genova 2026,693f2d9e675c6850ebee5e49_5,693f2d9e675c6850ebee5e49.json
,,mejora continua y scheme enablers,American Express,693f2d9e675c6850ebee5e49_15,693f2d9e675c6850ebee5e49,CORP,2025-Q4,acompañar a cami en adecuación mcc amex,693f2d9e675c6850ebee5e49_15,693f2d9e675c6850ebee5e49.json
,,mejora continua y scheme enablers,Visa,693f2d9e675c6850ebee5e49_12,693f2d9e675c6850ebee5e49,MLA,2025-Q4,"track de high risk farmacias, cargar información en visa (mla)",693f2d9e675c6850ebee5e49_12,693f2d9e675c6850ebee5e49.json
,win scheme enablers licencias listas devolucion match,mejora continua y scheme enablers,Otra,693f2d9e675c6850ebee5e49_9,693f2d9e675c6850ebee5e49,CORP,2025-Q4,notificaciones cbks hispanos: transición y capacitación a pf,693f2d9e675c6850ebee5e49_9,693f2d9e675c6850ebee5e49.json
,,mejora continua y scheme enablers,Otra,693f2d9e675c6850ebee5e49_6,693f2d9e675c6850ebee5e49,MLB,2025-Q4,approval mlb,693f2d9e675c6850ebee5e49_6,693f2d9e675c6850ebee5e49.json
,,mejora continua y scheme enablers,Otra,693f2d9e675c6850ebee5e49_1,693f2d9e675c6850ebee5e49,MLC,2025-Q4,foco control mlc (inconsistencia en tableros finops),693f2d9e675c6850ebee5e49_1,693f2d9e675c6850ebee5e49.json
,,mejora continua y scheme enablers,Otra,693f2d9e675c6850ebee5e49_2,693f2d9e675c6850ebee5e49,MLA,2025-Q4,nuevo track de mapeo ac - mcc (mla y mlc),693f2d9e675c6850ebee5e49_2,693f2d9e675c6850ebee5e49.json
,,mejora continua y scheme enablers,Otra,693f2d9e675c6850ebee5e49_16,693f2d9e675c6850ebee5e49,MLB,2025-Q4,actualización on-us (mlb y mlm),693f2d9e675c6850ebee5e49_16,693f2d9e675c6850ebee5e49.json
,,mejora continua y scheme enablers,Otra,693f2d9e675c6850ebee5e49_7,693f2d9e675c6850ebee5e49,MLB,2025-Q4,actualización cubo noviembre y control (foco mlb por cambios solicitados),693f2d9e675c6850ebee5e49_7,693f2d9e675c6850ebee5e49.json
,win scheme enablers licencias listas devolucion match,mejora continua y scheme enablers,Otra,693f2d9e675c6850ebee5e49_10,693f2d9e675c6850ebee5e49,CORP,2025-Q4,continuar con diseño asistente gemini (novedades bandera),693f2d9e675c6850ebee5e49_10,693f2d9e675c6850ebee5e49.json
,,mejora continua y scheme enablers,Otra,69485f9a31b796dbb4351f5c_1,69485f9a31b796dbb4351f5c,CORP,2025-Q4,foco en entender reglas ccc mcc ac mcc; calculo impacto,69485f9a31b796dbb4351f5c_1,69485f9a31b796dbb4351f5c.json
,,mejora continua y scheme enablers,Otra,69485f9a31b796dbb4351f5c_2,69485f9a31b796dbb4351f5c,CORP,2025-Q4,plan genova 2026 archivos de seguimiento de resultados 2026,69485f9a31b796dbb4351f5c_2,69485f9a31b796dbb4351f5c.json
,,mejora continua y scheme enablers,Otra,69485f9a31b796dbb4351f5c_6,69485f9a31b796dbb4351f5c,MLB,2025-Q4,on us mlb actualización impactos,69485f9a31b796dbb4351f5c_6,69485f9a31b796dbb4351f5c.json
,,mejora continua y scheme enablers,Otra,69485f9a31b796dbb4351f5c_3,69485f9a31b796dbb4351f5c,MLB,2025-Q4,simulador de pricing mlb track multas cross sites,69485f9a31b796dbb4351f5c_3,69485f9a31b796dbb4351f5c.json
,,mejora continua y scheme enablers,Mastercard,69485f9a31b796dbb4351f5c_5,69485f9a31b796dbb4351f5c,CORP,2025-Q4,apoyo track gemini push cierre adenda sblc mastercard,69485f9a31b796dbb4351f5c_5,69485f9a31b796dbb4351f5c.json
,,mejora continua y scheme enablers,Otra,69485f9a31b796dbb4351f5c_4,69485f9a31b796dbb4351f5c,CORP,2025-Q4,continuar track de eficiencia gemini novedades de bandera continuar track farmacias en mla y mlc consulta de legales por mlu,69485f9a31b796dbb4351f5c_4,69485f9a31b796dbb4351f5c.json
